mexx,Budget brand
galaxy,Budget brand
keeway,High-end brand
ride,Affordable brand
rush,Affordable brand
europrint,Budget brand
arcancilparis,Budget brand
lumene,Budget brand
regatta,Budget brand
kogaz,High-end brand
wurth,Budget brand
attribute,Budget brand
salmo,Budget brand
dormeo,Budget brand
llarri,Affordable brand
paiste,Affordable brand
qcyber,Budget brand
kursiv,Budget brand
oneplus,High-end brand
xkg,Budget brand
rossinka,Budget brand
lalaloopsy,Budget brand
havit,Budget brand
pqi,Budget brand
trollbeads,Affordable brand
elikor,Affordable brand
emco,Affordable brand
tutti,Budget brand
lava,Affordable brand
enough,Budget brand
lina,Budget brand
greenbike,High-end brand
ristanskaakeramika,Budget brand
elica,Affordable brand
eurostek,Budget brand
larktale,Mid-range brand
gewa,Affordable brand
redpower,Mid-range brand
amazon,Affordable brand
newco,Affordable brand
korpus,Budget brand
teosa,Budget brand
kipocket,Budget brand
panasonic,Affordable brand
wert,Affordable brand
quinny,Mid-range brand
mebelservice,Mid-range brand
mima,High-end brand
aiko,Budget brand
birusa,Affordable brand
delsey,Affordable brand
hola,Budget brand
atoll,Affordable brand
hobot,High-end brand
sonata,Budget brand
fisherprice,Budget brand
essence,Budget brand
origami,Budget brand
simfer,Affordable brand
barretoni,Affordable brand
wallberry,Budget brand
softoy,Budget brand
gk,Budget brand
aoki,Affordable brand
interos,Budget brand
olmeko,Affordable brand
gaissina,Budget brand
imperia,High-end brand
malvacosmetics,Budget brand
actiontrack,Budget brand
neposeda,Budget brand
chaod,Mid-range brand
pilsan,Budget brand
mykronoz,Budget brand
prologic,Budget brand
condtrol,Affordable brand
leicosleiya,Budget brand
andromeda,Budget brand
biemmedue,Affordable brand
umi,Mid-range brand
trefl,Budget brand
nintendo,Affordable brand
ideal,Budget brand
lancaster,Budget brand
fisher-price,Budget brand
dox,Budget brand
rheinberger,Budget brand
apcbyschneiderelectric,Budget brand
alvarez,Affordable brand
sportop,High-end brand
dickie,Budget brand
americancrew,Budget brand
denn,Budget brand
guerisson,Budget brand
palms,Affordable brand
schardt,Affordable brand
swarovski,Affordable brand
estel,Budget brand
scierra,Affordable brand
arcodoro,Budget brand
target,Budget brand
smiger,Budget brand
dfc,Budget brand
vilatte,Budget brand
redmond,Budget brand
gaspari,Budget brand
riello,Affordable brand
saniano,Budget brand
asel,Budget brand
jetpik,Affordable brand
scan,Budget brand
medtextile,Budget brand
mgaintertainment,Budget brand
housefit,Mid-range brand
remax,Budget brand
estap,Affordable brand
work,Affordable brand
dispho,Budget brand
smk,Affordable brand
deepcool,Budget brand
tripplite,Budget brand
ditreex,Budget brand
zengen,Budget brand
edufun,Affordable brand
liv,Mid-range brand
rossiaavtorobot,Budget brand
salvinelli,Budget brand
miif,Budget brand
kenwood,Affordable brand
zapco,Affordable brand
can-am,Affordable brand
value,Mid-range brand
zoops,Budget brand
okuma,Budget brand
tierra,Budget brand
forsage,Affordable brand
nmp,Budget brand
fitrider,Mid-range brand
perilla,Budget brand
xgimi,High-end brand
byintek,Affordable brand
sharp,Mid-range brand
audio-technica,Affordable brand
micron,Affordable brand
ergolux,Budget brand
abk,Budget brand
luxvisage,Budget brand
bluesonic,Budget brand
greenpro,Budget brand
stavia,Budget brand
tissot,High-end brand
colorful,Affordable brand
teamgroup,Budget brand
mersedes-benz,Affordable brand
pebble,Affordable brand
colorfix,Budget brand
midou,Budget brand
nexen,Budget brand
narodnyerecepty,Budget brand
eliesaab,Budget brand
olivella,Budget brand
holicy,Mid-range brand
madcat,Budget brand
phanteks,Affordable brand
mdlab,Affordable brand
savagegear,Budget brand
buggy,Affordable brand
powercolor,Affordable brand
benq,Affordable brand
asx,Mid-range brand
akara,Budget brand
awei,Budget brand
edon,Budget brand
murena,Affordable brand
estrade,Budget brand
vibe,Budget brand
thqnordic,Budget brand
bws,Budget brand
crescina,Affordable brand
i-velo,High-end brand
emsa,Budget brand
tempish,Budget brand
gimi,Budget brand
inostranka,Budget brand
basaran,Affordable brand
viking,High-end brand
ekolit,Budget brand
alumet,Budget brand
ocz,Budget brand
zx,Budget brand
broomer,Mid-range brand
powerplant,Budget brand
polese,Budget brand
ecotex,Budget brand
stryj,Budget brand
rezult,Budget brand
beijing,Budget brand
osman,Affordable brand
siee,Budget brand
bresser,Affordable brand
rado,High-end brand
edelvejs,Budget brand
dodo,Budget brand
hayejin,Budget brand
polar,Mid-range brand
wtflabz,Budget brand
lanvin,Budget brand
verico,Budget brand
eichorn,Budget brand
jabra,Budget brand
mitas,Affordable brand
rival,Affordable brand
sinisalo,Affordable brand
merkurij,Affordable brand
aeolus,Affordable brand
firestone,Affordable brand
bossh,Budget brand
ultimatumboxing,Affordable brand
zoom,Affordable brand
acuvue,Budget brand
klever,Budget brand
bakugan,Budget brand
urbanears,Budget brand
pit,Budget brand
sabyrzhanayrin,Budget brand
rosenberg,Affordable brand
hlebsol,Budget brand
eviza,Affordable brand
coolmaker,Budget brand
belecoo,Affordable brand
franckolivier,Budget brand
bazhou,Mid-range brand
eksmo,Budget brand
cover,Affordable brand
fortnite,Budget brand
measy,Affordable brand
kurzweil,High-end brand
morel,Affordable brand
alcasta,Affordable brand
snowcap,Budget brand
oasis,Budget brand
sunlike,Budget brand
flama,Affordable brand
tp-link,Budget brand
tunga,Budget brand
nikon,High-end brand
childhome,Affordable brand
desatoekorolevstvo,Budget brand
woodcraft,Budget brand
libtech,Mid-range brand
gerdamix,Budget brand
energizer,Budget brand
fractaldesign,Affordable brand
fox,Budget brand
pequetren,Budget brand
char-broil,Mid-range brand
vgp,Budget brand
pisen,Budget brand
kessler,High-end brand
skytech,Budget brand
yoobao,Budget brand
centurion,Budget brand
lykan,Budget brand
butterfly,Budget brand
mebberykz,High-end brand
andrea,Affordable brand
cressi,Budget brand
micallef,Affordable brand
dulevskijfarfor,Affordable brand
maxfactor,Budget brand
defalucy,Budget brand
suncolor,Budget brand
matex,Budget brand
easycamp,Budget brand
bwt,Budget brand
bbk,Budget brand
amet,Budget brand
becker,High-end brand
pinarello,High-end brand
opple,Budget brand
s-oil,Budget brand
belux,Mid-range brand
skandika,Affordable brand
polistil,Budget brand
subini,Affordable brand
westmark,Budget brand
nuk,Budget brand
ves,Budget brand
huntkey,Affordable brand
oase,Budget brand
hurakan,Affordable brand
line,Budget brand
retrosuperfuture,Affordable brand
swatch,Affordable brand
underarmour,Budget brand
kk,Mid-range brand
festina,Budget brand
kingmeda,Budget brand
chameleon,Budget brand
della,Budget brand
arturia,Mid-range brand
aurora,Mid-range brand
educa,Budget brand
torch,Budget brand
jacqueslemans,Affordable brand
stilvasejspalni,Budget brand
instyle,Budget brand
goform,Budget brand
provence,Budget brand
aqua,Budget brand
evrodetal,Affordable brand
accord,Budget brand
tucano,Budget brand
zapfcreation,Budget brand
imctoys,Budget brand
element,Affordable brand
aux,High-end brand
iunik,Budget brand
lumme,Budget brand
castrol,Budget brand
laboratoriaznanij,Budget brand
sledopyt,Affordable brand
absolutechampion,Budget brand
ourgeneration,Budget brand
bielita,Budget brand
sinotex,Affordable brand
energy,Budget brand
ruike,Budget brand
aten,Budget brand
biolane,Budget brand
coolfort,Budget brand
elysium,Budget brand
scruff-a-luvs,Budget brand
scool,Affordable brand
bars,Budget brand
steger,Budget brand
orly,Budget brand
imx,Affordable brand
senspa,High-end brand
titan,Budget brand
faro,Budget brand
holiday,Affordable brand
haeger,Budget brand
jsq,Budget brand
solognac,Budget brand
desigual,Budget brand
hobbyworld,Budget brand
bubble,Budget brand
akom,Budget brand
avel,Budget brand
sis,Budget brand
madamecoco,Budget brand
asil,Budget brand
emer,Mid-range brand
alis,Affordable brand
nortec,Affordable brand
seasonic,Affordable brand
hankook,Budget brand
norman,Mid-range brand
ferrari,Affordable brand
noordi,High-end brand
wortex,Budget brand
fitokosmetik,Budget brand
novline,Budget brand
norplast,Budget brand
badlandgames,Budget brand
guerlain,Affordable brand
miracle,Budget brand
mirax,Budget brand
lenso,High-end brand
siren,Budget brand
gesso,Budget brand
zotac,Affordable brand
devos,Budget brand
creo,Affordable brand
labirint,Budget brand
triumphtree,High-end brand
dunya,Budget brand
changhong,Affordable brand
krause,Affordable brand
leader,Affordable brand
creed,Affordable brand
vasin,Mid-range brand
dwt,Budget brand
rebus,Affordable brand
sonel,Affordable brand
legkiesny,Budget brand
saferich,Budget brand
junglefieldtroop,Budget brand
p.i.t.,Budget brand
rexco,Budget brand
tizianaterenzi,Budget brand
sandisk,Budget brand
merealni,Budget brand
grattant,Budget brand
kuttenkeuler,Budget brand
delsot,Budget brand
arua,Budget brand
slaro,Mid-range brand
admarginem,Budget brand
jjrc,Budget brand
bioderma,Budget brand
kupu-kupu,Budget brand
domasnijocag,Budget brand
dla,Budget brand
wotrex,Budget brand
wuben,Budget brand
avrora,Affordable brand
dayun,High-end brand
rapoo,Budget brand
vip,Budget brand
rimax,Mid-range brand
mustela,Budget brand
olimpic,Budget brand
smtt,Budget brand
alex,High-end brand
balta,Budget brand
visnevyjpapa,Budget brand
miraculous,Budget brand
neva,High-end brand
nodor,High-end brand
voda,Budget brand
bergauf,Budget brand
namazu,Budget brand
columbia,Affordable brand
norfin,Budget brand
acebeam,Affordable brand
bioworld,Budget brand
simax,Budget brand
resanta,Affordable brand
huggies,Budget brand
trevorjames,High-end brand
teslastyle,Affordable brand
masi,High-end brand
allvega,Affordable brand
misfit,Affordable brand
afnan,Budget brand
zmi,Budget brand
sinusprofi,Mid-range brand
sabian,High-end brand
huochu,Budget brand
garvalin,Budget brand
lefard,Budget brand
capline,Budget brand
usborne,Budget brand
dyflon,Budget brand
monsher,Affordable brand
ewt,Budget brand
witerra,Budget brand
hangover,Affordable brand
anytek,Budget brand
dynacord,High-end brand
admira,Affordable brand
deerma,Budget brand
shinko,Budget brand
johnnytheskull,Budget brand
atmosphera,Budget brand
willmax,Budget brand
balterio,Budget brand
haro,Affordable brand
kipsta,Budget brand
incanto,Affordable brand
gmslivgidromasao,Affordable brand
paton,Affordable brand
thule,Mid-range brand
rare,Budget brand
delux,Budget brand
kalenji,Budget brand
master,Affordable brand
meizer,Budget brand
rinax,Budget brand
lifetrons,Budget brand
fanzon,Budget brand
sailun,Budget brand
rode,Affordable brand
omnio,Affordable brand
interlink,Affordable brand
brateck,Budget brand
lamarkahome,Budget brand
elleci,Affordable brand
five,Budget brand
bisou,Budget brand
arnica,Affordable brand
weichao,Budget brand
prology,Affordable brand
rokids,Affordable brand
nanotex,Affordable brand
firepower,Budget brand
kubanfarfor,Budget brand
beautyvisage,Budget brand
energysistem,Affordable brand
darina,Affordable brand
sulu,Budget brand
feile,Budget brand
moose,Budget brand
netis,Budget brand
k.k.y.,Budget brand
amalbooks,Budget brand
impex,Affordable brand
rubelli,Budget brand
harp,High-end brand
nerf,Budget brand
teploross,Affordable brand
trichup,Budget brand
gauss,Budget brand
berkut,Affordable brand
korin,Affordable brand
ajmal,Mid-range brand
trazano,Affordable brand
ford,Budget brand
t-max,Mid-range brand
fixsen,Affordable brand
blanco,Affordable brand
willmark,Budget brand
sebamed,Budget brand
camshel,Budget brand
yes,Affordable brand
individuumpablising,Budget brand
glimmies,Budget brand
malushen,Budget brand
polimerbyt,Budget brand
yjfitness,High-end brand
suzuki,High-end brand
sonar,Budget brand
hausmann,Budget brand
aquaverso,Budget brand
cityrover,Affordable brand
kovroff,Budget brand
g-cube,Budget brand
blueseven,Budget brand
ezetil,Mid-range brand
tokuryo,Budget brand
bergamo,Budget brand
ronas,Budget brand
sports,High-end brand
versal,Budget brand
sunwide,Budget brand
tarkett,Budget brand
lutian,High-end brand
katun,Budget brand
bodysculpture,Affordable brand
startrading,Budget brand
sony,Mid-range brand
vitek,Budget brand
huion,Affordable brand
bagdanoviceskijfarforyvyjzavod,Budget brand
merach,High-end brand
plextor,Budget brand
f-promo,Budget brand
rajton,Mid-range brand
pasabahce,Budget brand
fitnex,High-end brand
gs,Budget brand
swisshome,Affordable brand
cralusso,Budget brand
verran,Budget brand
vasilisa,Budget brand
trust,Budget brand
bamboo,Budget brand
vialata,Budget brand
nady,Budget brand
silverstone,Affordable brand
meliconi,Budget brand
razer,Budget brand
estomoda,Budget brand
dune,Affordable brand
total,Budget brand
davinci,Budget brand
wingo,Affordable brand
stihl,Mid-range brand
gioseppo,Budget brand
numark,Budget brand
yasin,Affordable brand
ara,Affordable brand
korting,Mid-range brand
genesis,Budget brand
nordica,Affordable brand
centara,Budget brand
ultraflash,Budget brand
karapuz,Budget brand
sheffilton,Budget brand
eltreco,High-end brand
hilo,Budget brand
k-star,High-end brand
speroni,Affordable brand
anon,Budget brand
smeg,High-end brand
jinyuan,Affordable brand
tonar,Budget brand
micromax,Budget brand
strikemaster,High-end brand
metoo,Budget brand
anex,High-end brand
elitebohemia,High-end brand
yema,Budget brand
fendi,Budget brand
kingtul,Budget brand
bomberg,High-end brand
avatyre,Budget brand
stikbot,Budget brand
tomik,Budget brand
mamut,Budget brand
divoom,Budget brand
piatnik,Budget brand
apc,Mid-range brand
ikkm,Mid-range brand
teplokryma,Budget brand
hamilton,High-end brand
coolermaster,Budget brand
toyo,Budget brand
aimile,Budget brand
belyjedinorog,Budget brand
sms,Budget brand
blg,High-end brand
niche,High-end brand
masters,Budget brand
gys,Affordable brand
gemsy,High-end brand
irobot,High-end brand
vectron,Mid-range brand
damask,Budget brand
hjc,Affordable brand
voltman,Budget brand
caraya,Affordable brand
valberg,Mid-range brand
homage,Budget brand
ergo,Affordable brand
fant-mebel,Affordable brand
vargame,Budget brand
yamaha,Mid-range brand
budibasa,Budget brand
envision,Affordable brand
rapala,Budget brand
bernina,High-end brand
romer,Affordable brand
coleman,Mid-range brand
mirex,Budget brand
tous,Budget brand
keumkang,Budget brand
ecoterm,Budget brand
domani-spa,Affordable brand
wd,Affordable brand
alexika,Mid-range brand
amouage,Mid-range brand
ssm,Mid-range brand
remix,Budget brand
sofit,Budget brand
kipor,High-end brand
vionne,Budget brand
yuandong,Mid-range brand
bugaboo,High-end brand
akor,Budget brand
sibrteh,Affordable brand
kstar,Budget brand
studioprofessional,Budget brand
cobra,Budget brand
gamerstorm,Budget brand
hottek,Budget brand
hisense,High-end brand
armytek,Budget brand
buffalo,High-end brand
enya,Affordable brand
likatoprofessional,Budget brand
zadoor,Budget brand
baltekstil,Affordable brand
wingoffly,Affordable brand
aston,Budget brand
pirelli,Affordable brand
v-t,Budget brand
messer,High-end brand
cnd,Budget brand
face,Budget brand
eurolight,Budget brand
kakadu,Budget brand
vard,High-end brand
kraton,Budget brand
invisible,Budget brand
konlega,Affordable brand
keddo,Budget brand
kapika,Budget brand
gt,Mid-range brand
kugoo,Mid-range brand
moulinex,Affordable brand
kingstar,Budget brand
mustang,Budget brand
emporioarmani,Affordable brand
sporttovary,Budget brand
tinytoes,Budget brand
markjacobs,Budget brand
calorie,Budget brand
krasatoys,Budget brand
kayser,Budget brand
zelmer,Budget brand
poppuri,Budget brand
amercook,Budget brand
glanzen,Budget brand
kuppersbusch,High-end brand
fengnix,Affordable brand
bra,Budget brand
stark,Mid-range brand
alpika,Affordable brand
lanard,Budget brand
pentax,High-end brand
g.skill,Affordable brand
soundking,Mid-range brand
serebro,Budget brand
iqmarketing,Budget brand
sekiguchi,Budget brand
fracescodonni,Affordable brand
rubiks,Budget brand
aquarelle,Affordable brand
rodi,Budget brand
neocoregames,Budget brand
moser,Budget brand
beyblade,Budget brand
view-master,Budget brand
kroft,Budget brand
fitnessbody,Budget brand
ipipoo,Budget brand
serebroff,Budget brand
yika,Budget brand
annaite,Budget brand
decocode,Budget brand
riviera,High-end brand
ryor,Budget brand
afox,Affordable brand
ripol,Budget brand
masterfish,Budget brand
gretsch,High-end brand
bork,High-end brand
now,Budget brand
solostyle,Budget brand
zara,Affordable brand
giornonotte,High-end brand
vogue,Affordable brand
idealspaten,Budget brand
lamborghini,Affordable brand
natrol,Budget brand
satura,Affordable brand
lonex,Mid-range brand
scoyco,Affordable brand
skv,Affordable brand
freefeet,Mid-range brand
solite,Budget brand
glamglow,Budget brand
honor,Affordable brand
umka,Budget brand
beru,Budget brand
memo,Mid-range brand
hotner,High-end brand
enermax,Budget brand
apex,Budget brand
suunto,Mid-range brand
brizoll,Budget brand
peppapig,Budget brand
malys,Budget brand
pioneer,Affordable brand
carrera,Affordable brand
cowon,Affordable brand
goodyear,Affordable brand
segway,Mid-range brand
monis,Budget brand
francescodonni,Affordable brand
maxchristmas,Budget brand
pubg,Budget brand
simpleparenting,Mid-range brand
weifeng,Budget brand
mw-light,Budget brand
lukojl,Affordable brand
maytoni,Budget brand
flavia,Mid-range brand
puckator,Budget brand
uniforce,Budget brand
heidelbergcement,Budget brand
on,Budget brand
mstar,Budget brand
samson,High-end brand
shure,Mid-range brand
jigott,Budget brand
ambition,Budget brand
orivel,Affordable brand
fissman,Budget brand
funville,Budget brand
viatti,Budget brand
kicx,Budget brand
miracase,Budget brand
elf,Affordable brand
ivaru,Budget brand
capcom,Budget brand
liebherr,High-end brand
olsa,Mid-range brand
fujida,Budget brand
nutrilon,Budget brand
stokke,Mid-range brand
romax,Affordable brand
maclaren,Mid-range brand
poppops,Budget brand
longway,Affordable brand
maybellinenewyork,Budget brand
cifyurm,Budget brand
ersport,Affordable brand
dji,High-end brand
medalist,Affordable brand
raytheonphantom,Budget brand
inoi,Budget brand
iriver,Affordable brand
yotrix,Budget brand
palplay,Budget brand
nexpero,Budget brand
bestway,Affordable brand
sphero,Affordable brand
edcon,Affordable brand
doogee,Affordable brand
royal,Budget brand
guess,Affordable brand
rivalli,High-end brand
motorcraft,Budget brand
eurol,Budget brand
mammut,Budget brand
arsi,Budget brand
secretgourmet,Budget brand
faans,Budget brand
imax,Budget brand
betsy,Budget brand
eurosvet,Budget brand
magniflex,Affordable brand
zenzia,Budget brand
shiraz,High-end brand
polaroid,Budget brand
zhejiangjiajia,Affordable brand
tobot,Budget brand
samo,Budget brand
kumtel,Budget brand
qnap,High-end brand
gigabyte,Affordable brand
deppa,Budget brand
smarttextile,Budget brand
nereus,Budget brand
twistclimbingcar,Budget brand
mecta,Budget brand
taschen,Budget brand
mahaon,Budget brand
colorway,Budget brand
first,Budget brand
bburago,Budget brand
palmers,Budget brand
porsche,Affordable brand
seventeenkids,Budget brand
esse,Budget brand
merejbaspasy,Budget brand
pervenec,Budget brand
delta,Affordable brand
honda,High-end brand
huter,Affordable brand
amos,Mid-range brand
espiro,Affordable brand
chigo,High-end brand
brahner,Affordable brand
proteus,Mid-range brand
vobix,Mid-range brand
philandteds,Affordable brand
volkl,Mid-range brand
bombora,Budget brand
siemens,High-end brand
kromax,Budget brand
nikotex,Affordable brand
ava,Affordable brand
buttonblue,Budget brand
risoli,Budget brand
engenius,Mid-range brand
body-solid,Mid-range brand
era,Budget brand
kerasys,Budget brand
jbl,Budget brand
nocnezna,Budget brand
mazzini,Budget brand
pensofal,Affordable brand
sksportivnaakollekcia,Budget brand
yoga,Budget brand
slavanskieoboi,Budget brand
armandbasi,Budget brand
advan,Mid-range brand
novigo,High-end brand
ariston,Affordable brand
triangle,Budget brand
dunlop,Budget brand
head,Mid-range brand
helstons,Mid-range brand
hyper,Budget brand
sun,Budget brand
premier,Budget brand
edox,High-end brand
marcomenti,Affordable brand
vplaboratory,Budget brand
sky,High-end brand
dobraakniga,Budget brand
elaud,Budget brand
telwin,High-end brand
jupiter,High-end brand
kitfort,Affordable brand
ruixinlang,Budget brand
ifree,Mid-range brand
deestone,Mid-range brand
kroskindom,Budget brand
grinda,Affordable brand
mengbadi,Budget brand
baudet,Affordable brand
standard,Affordable brand
baymak,High-end brand
yulu,Budget brand
exogini,Budget brand
zilmer,Budget brand
aist,Affordable brand
kingroy,Budget brand
lazso,Budget brand
eurogold,Budget brand
evgo,Affordable brand
dexp,Affordable brand
hipp,Budget brand
chuggington,Budget brand
parkcity,Affordable brand
beisier,Budget brand
deeper,Affordable brand
moongmbh,Mid-range brand
gosh,Budget brand
sarabella,Budget brand
zemex,Affordable brand
domika,Budget brand
minimotors,High-end brand
mirage,Budget brand
flormar,Budget brand
mebelson,Affordable brand
usams,Budget brand
soyntec,Budget brand
ridata,Budget brand
boucheron,Budget brand
shua,High-end brand
chloe,Budget brand
a-derma,Budget brand
penn,Budget brand
babyhit,Budget brand
omoikiri,Affordable brand
holatoys,Budget brand
lord,Budget brand
turbosound,High-end brand
alpinapabliser,Budget brand
ultravit,Budget brand
catunltd,Budget brand
wh,High-end brand
riche,Budget brand
ginzza,Affordable brand
calve,Budget brand
arrivo,Budget brand
artvisage,Budget brand
e-blue,Mid-range brand
dsland,High-end brand
tognana,Budget brand
enkei,High-end brand
hotmom,Mid-range brand
redbo,Mid-range brand
lamelprofessional,Budget brand
rimmellondon,Budget brand
esko,Budget brand
veho,Budget brand
andeks,Affordable brand
alfa,Budget brand
brain,Budget brand
himalaya,Budget brand
gamdias,Affordable brand
megasaurs,Budget brand
aorus,High-end brand
simba,Budget brand
wltoys,Budget brand
biovea,Budget brand
grownup,Affordable brand
nella,Budget brand
greenpan,Budget brand
embryolisse,Budget brand
arg,Affordable brand
momi,Budget brand
nascitaprofessional,Budget brand
vicovation,Budget brand
littlestpetshop,Budget brand
hori,Affordable brand
warrior,Affordable brand
vira,Budget brand
thermaltake,Affordable brand
casta,Budget brand
graco,Affordable brand
respect,Budget brand
kose,Budget brand
natur,Budget brand
sanjia,Budget brand
texet,Budget brand
billi,Budget brand
texa,Budget brand
spaquatoria,Budget brand
bradex,Budget brand
crystal,Budget brand
airline,Budget brand
kampfer,Affordable brand
roncato,Affordable brand
zvezda,Budget brand
ibox,Budget brand
obi,Mid-range brand
aerocool,Budget brand
shogun,High-end brand
shengyuan,Budget brand
diesel,Affordable brand
gkhair,Budget brand
nuna,Affordable brand
vari,Budget brand
otan,High-end brand
tenda,Budget brand
nikakids,Budget brand
praktik,Affordable brand
trevi,High-end brand
cronos,High-end brand
miele,Mid-range brand
rals,High-end brand
lbl,Budget brand
sibirskietovary,Budget brand
alphaline,Budget brand
jura,High-end brand
aton,Budget brand
owner,Budget brand
dynamic,Affordable brand
cameron,Mid-range brand
nakamichi,Budget brand
gssolid,Budget brand
vmv,Affordable brand
creoceramique,Affordable brand
stels,Budget brand
beyonce,Budget brand
makita,Mid-range brand
lux,Affordable brand
roadmarch,Budget brand
tianzhanfitness,High-end brand
arms,Affordable brand
avis,Affordable brand
efp,Affordable brand
telecom,Budget brand
fli,Affordable brand
novatex,Budget brand
gislaved,Budget brand
steffilove,Budget brand
jasmine,Budget brand
franke,Mid-range brand
bergner,Budget brand
iddis,Budget brand
yh,Budget brand
lovular,Budget brand
magaudio,Mid-range brand
bigklever,Budget brand
battipav,Affordable brand
ol-tex,Budget brand
skil,Budget brand
venum,Affordable brand
monix,Budget brand
hadaa,High-end brand
kaemingkbv,Affordable brand
engy,Budget brand
musclepharm,Budget brand
incar,Affordable brand
goon,Budget brand
versace,Affordable brand
leagoo,Affordable brand
lesozavod,Affordable brand
meanlove,Budget brand
whito,Budget brand
ferrino,Affordable brand
maxmara,Mid-range brand
stalemal,Budget brand
jomalone,Budget brand
nord,Budget brand
dds,Affordable brand
luxuryconcept,Budget brand
fantasia,Mid-range brand
melidadi,Budget brand
gerber,Budget brand
parus,Budget brand
kronospan,Budget brand
dragon-i,Budget brand
gipfel,Affordable brand
hurom,Mid-range brand
muqaba,Budget brand
maxcolor,Budget brand
grandmanar,High-end brand
alcon,Budget brand
oitez,Budget brand
borovici,Affordable brand
bogates,Budget brand
moldabela,Affordable brand
omron,Budget brand
secretkey,Budget brand
fotorama,Budget brand
dometic,Mid-range brand
geroivmaskah,Budget brand
muimui,Affordable brand
armani,Affordable brand
nardi,High-end brand
vita,Budget brand
rovigo,Affordable brand
os,Budget brand
miumiu,Budget brand
trendy,Affordable brand
wenyi,Budget brand
krasnaapresna,Budget brand
toshiba,Mid-range brand
eltempo,Budget brand
skazocnyjpatrul,Budget brand
zinc,Budget brand
teyko,Budget brand
roblox,Budget brand
nero,Budget brand
wsp,Mid-range brand
hunter,Budget brand
t-rex,Budget brand
aldit,High-end brand
elenberg,Budget brand
nobu,Affordable brand
vipe,Budget brand
ship,Budget brand
sumdex,Budget brand
bompani,High-end brand
alteco,Budget brand
ecolaboratory,Budget brand
joby,Budget brand
dvizenie,Budget brand
masteryard,High-end brand
kinlee,Budget brand
targus,Budget brand
egreat,Mid-range brand
klima,Affordable brand
genebre,Affordable brand
beyerdynamic,Affordable brand
leefitness,Affordable brand
ehome,Budget brand
tactic,Budget brand
certina,High-end brand
torgue,Mid-range brand
illumico,Budget brand
revuele,Budget brand
qixels,Budget brand
viteks,Budget brand
antika,Budget brand
wk,Budget brand
londa,Budget brand
stern,Budget brand
arba,High-end brand
akvarel,Affordable brand
velvet,Affordable brand
ural,Affordable brand
revlon,Budget brand
piter-trejd,Budget brand
insight,Budget brand
sjcam,Affordable brand
juteks,Budget brand
cellio,Budget brand
boto,Affordable brand
sunmi,Affordable brand
intro,Budget brand
mrm-power,Affordable brand
reebok,Affordable brand
nobleroyale,Budget brand
daneildesch,Affordable brand
ipower,Budget brand
zeta,Budget brand
atelier,Budget brand
gran-stone,Budget brand
qq,Budget brand
poli,Budget brand
harmankardon,Affordable brand
globaltoys,Budget brand
tanglewood,Mid-range brand
dobrusskijfarforovyjzavod,Affordable brand
persona,Mid-range brand
kiepe,Budget brand
soskin,Budget brand
alterna,Budget brand
siton,Budget brand
vov,Budget brand
arktika,Budget brand
axis,Affordable brand
rant,Affordable brand
fornelli,Mid-range brand
machineboy,Budget brand
philips,Affordable brand
kupajsaiigraj,Budget brand
interskol,Affordable brand
maxpro,Mid-range brand
onkron,Budget brand
nux,High-end brand
damper,Budget brand
hpe,High-end brand
oleo-mac,Affordable brand
elbasco,Budget brand
beats,Affordable brand
tonybellucci,Budget brand
tascam,Affordable brand
constantdelight,Budget brand
pjmasks,Budget brand
kx,Budget brand
domenik,Budget brand
drsea,Budget brand
strunal,Affordable brand
alligator,Budget brand
glamvers,Affordable brand
fornite,Budget brand
azzaro,Budget brand
bvlgari,Affordable brand
britneyspears,Budget brand
marcjacobs,Affordable brand
ubear,Budget brand
davita,Affordable brand
dinastia,Mid-range brand
inswim,Budget brand
legre,Budget brand
berlingerhaus,Budget brand
tramontina,Budget brand
superfine,Budget brand
minecraft,Budget brand
oster,Affordable brand
bio-oil,Budget brand
trendvision,Affordable brand
chenri,Budget brand
torneo,Budget brand
marmiton,Budget brand
dremel,Affordable brand
vardoven,High-end brand
candy,Mid-range brand
attikus,Budget brand
melissadoug,Budget brand
aolais,Budget brand
dirkje,Budget brand
zaharov,Budget brand
tuff,High-end brand
hama,Budget brand
tristar,Budget brand
laurastar,High-end brand
laroche-posay,Budget brand
cortland,Budget brand
payot,Budget brand
gerkulesgames,Budget brand
kosadaka,Budget brand
doohan,High-end brand
dyson,High-end brand
glory,Budget brand
academie,Budget brand
himalayaherbals,Budget brand
konov,Affordable brand
victorinox,Budget brand
energolux,Budget brand
studio,Budget brand
klavuu,Budget brand
martinex,Budget brand
fissler,Mid-range brand
xing,Affordable brand
silverlit,Budget brand
gripmax,Budget brand
dkny,Affordable brand
microsoft,Mid-range brand
bodykraft,Budget brand
mikrotik,Budget brand
rivacase,Budget brand
kipardo,Mid-range brand
monster,Budget brand
fleet,Budget brand
scarlett,Budget brand
taxi,Budget brand
freshfruit,Budget brand
ark,Budget brand
welss,Budget brand
lauravalarosa,Budget brand
ballu,Budget brand
seletti,Budget brand
crybabies,Budget brand
bibalina,Budget brand
durun,Budget brand
ralfringer,Affordable brand
educo,Budget brand
centek,Budget brand
stuntcar,Budget brand
pupa,Budget brand
ariete,Affordable brand
al-ko,Mid-range brand
altacto,Budget brand
shaik,Affordable brand
note,Budget brand
lujun,Budget brand
anesi,Budget brand
velo,Budget brand
remonte,Budget brand
ekobike,High-end brand
totaku,Budget brand
hitachi,High-end brand
schwinn,Mid-range brand
zerten,Affordable brand
basharan,Mid-range brand
clarion,Budget brand
bethesda,Budget brand
ermila,Budget brand
rosato,Affordable brand
parrot,Affordable brand
lori,Budget brand
hammer,Budget brand
bd,Budget brand
jaguar,Affordable brand
takamine,High-end brand
silapro,Budget brand
kirovit,Affordable brand
danielklein,Budget brand
stayer,Budget brand
aquatic,Budget brand
hugoboss,Mid-range brand
indigo,Affordable brand
graffitisound,Budget brand
unikum,Affordable brand
candylocks,Budget brand
luris,Budget brand
jinyu,Affordable brand
continental,Affordable brand
nvidia,Affordable brand
doupro,Affordable brand
gutrend,Affordable brand
remeco,Budget brand
mozgamebel,Affordable brand
hartung,Mid-range brand
protherm,High-end brand
tsv,Budget brand
terris,Budget brand
coloma,Budget brand
ombra,Affordable brand
kelli,Budget brand
borasco,Budget brand
laufen,Mid-range brand
stinol,Affordable brand
ural-mikma-term,Affordable brand
koelf,Budget brand
emiliopucci,Budget brand
universal,Mid-range brand
fame,Affordable brand
korda,Budget brand
jrc,Budget brand
liquimoly,Budget brand
viewmaster,Budget brand
x-game,Budget brand
a-elita,Budget brand
pinus,Affordable brand
petro-canada,Budget brand
goalzero,Affordable brand
sisley,Affordable brand
novatrack,Affordable brand
x-foot,Affordable brand
oursson,Affordable brand
atrai,Affordable brand
lacoste,Budget brand
barokko,Budget brand
vox,Affordable brand
suneight,Budget brand
qmax,Affordable brand
d-link,Budget brand
htc,Affordable brand
ascoli,High-end brand
casato,Budget brand
greentek,Budget brand
miescarpe,Budget brand
phoenix,Affordable brand
auratic,Budget brand
slezakrav,Budget brand
abris,Budget brand
mutant,Budget brand
garrett,Mid-range brand
ultrasone,Budget brand
tailg,High-end brand
kingston,Affordable brand
avanta,Budget brand
squier,Affordable brand
farmavita,Budget brand
ilash,Budget brand
formulazdorova,Affordable brand
bohemian,Budget brand
rusgoldart,Affordable brand
sufix,Budget brand
husqvarna,High-end brand
hre,High-end brand
obsessive,Budget brand
id-cooling,Budget brand
jack,High-end brand
g-stone,Affordable brand
geoffanderson,Budget brand
maja,Budget brand
diamondunion,Affordable brand
roxykids,Budget brand
opadiris,Affordable brand
tridevatoecarstvo,Affordable brand
smashbox,Budget brand
cata,Affordable brand
kala,Budget brand
aivengo,Budget brand
malva,Budget brand
ubtech,Affordable brand
gigazone,Budget brand
dahatsu,Affordable brand
philippus,Budget brand
vitelia,Budget brand
oxygen,High-end brand
aileron,Budget brand
wester,Budget brand
timberk,Budget brand
itc,Budget brand
psyonix,Budget brand
princetontec,Budget brand
mefferts,Budget brand
cenmax,Budget brand
akvafor,Affordable brand
minony,Budget brand
travelite,Affordable brand
tytan,Budget brand
genlog,Affordable brand
mibb,Mid-range brand
topex,Budget brand
parkmaster,Budget brand
jacobdelafon,High-end brand
w-star,Budget brand
widian,Affordable brand
mastrad,Budget brand
pinskdrev,High-end brand
kolibri,High-end brand
flexter,Budget brand
sparky,Affordable brand
startradingab,Mid-range brand
martinez,Affordable brand
remain,Affordable brand
neptun,Budget brand
kronasteel,Affordable brand
solarstorm,Budget brand
vans,Budget brand
shima,Budget brand
klymit,Budget brand
llocker,Budget brand
kukmara,Budget brand
hynix,Budget brand
stavr,Budget brand
acvilagrup,Budget brand
moxom,Budget brand
kroskaa,Budget brand
pnb,Budget brand
palisad,Budget brand
epiphone,Mid-range brand
burton,Mid-range brand
klorane,Budget brand
etaltech,Mid-range brand
zing,Budget brand
irit,Budget brand
partner,Affordable brand
maunfeld,Affordable brand
neobio,Budget brand
lexand,Budget brand
sonor,Affordable brand
micuna,High-end brand
santacruz,Affordable brand
bayerdolls,Budget brand
demiray,Affordable brand
tyr,Budget brand
koffer,Mid-range brand
worldpeacekeepers,Budget brand
cadelvetro,Budget brand
askona,Affordable brand
bxg,Budget brand
higashi,Mid-range brand
nestogen,Budget brand
rizmo,Affordable brand
lotos,Mid-range brand
youngtoys,Budget brand
romack,Mid-range brand
velvet-santiago,Mid-range brand
alaskaoriginale,Budget brand
motul,Budget brand
google,High-end brand
chieftec,Budget brand
canwood,Budget brand
dauscher,Affordable brand
tv-shop,Budget brand
fotomate,Affordable brand
kinder,Budget brand
bandai,Budget brand
leone,Budget brand
moon,Mid-range brand
bonita,Budget brand
ogiz,Budget brand
vasilek,Budget brand
ronthompson,Budget brand
hotwheels,Budget brand
luazonlighting,Budget brand
delune,Budget brand
ningbo,Budget brand
motivyotdyha,Mid-range brand
jakkspacific,Affordable brand
aquapick,Budget brand
avizor,Budget brand
powerrangers,Budget brand
vladitoys,Budget brand
altair,Affordable brand
giant,High-end brand
babyzen,High-end brand
bsa-wheels,Mid-range brand
kaisavilla,Affordable brand
bodysolid,Affordable brand
mz,Budget brand
fantom-press,Budget brand
sozzy,Budget brand
vihr,Budget brand
pulser,High-end brand
gaint,Mid-range brand
oley,Budget brand
lemaks,Mid-range brand
mercusys,Budget brand
sharking,High-end brand
screecherswild,Budget brand
slonimmebel,Mid-range brand
siberia,Mid-range brand
greentree,Affordable brand
mercedesbenz,Affordable brand
ortopazl,Budget brand
leatherman,Affordable brand
libero,High-end brand
arkadia,Budget brand
winda,Budget brand
elizavecca,Budget brand
areol,Affordable brand
starwars,Budget brand
maxima,Budget brand
salewa,Affordable brand
redblu,Affordable brand
azbuka,Budget brand
bfz,Budget brand
ferre,Affordable brand
truva,Mid-range brand
lubereckiekovry,Budget brand
action,Budget brand
clevercompany,Budget brand
vdovichev,Budget brand
dagee,Budget brand
harte,Budget brand
kron,Budget brand
ansmann,Budget brand
garmin,High-end brand
sennheiser,Affordable brand
hb,Budget brand
stelz,Budget brand
belashoff,Budget brand
etor,Affordable brand
huntsman,Budget brand
yuka,Affordable brand
lenta,Budget brand
polo,Budget brand
dendy,Budget brand
unison,Budget brand
hubeiindustrialaimiletrading,Budget brand
adelline,Budget brand
imtoy,Budget brand
naturehike,Budget brand
cocochoco,Budget brand
cooperhunter,High-end brand
samsung,Mid-range brand
mastercraft,Affordable brand
ballistix,Affordable brand
gefest,Affordable brand
basf,Budget brand
blam,High-end brand
laudio,Affordable brand
logosfera,Budget brand
samy,Budget brand
nyne,Affordable brand
kosmos,Budget brand
yst,Affordable brand
fitlux,High-end brand
milight,Budget brand
am-pm,Affordable brand
syma,Budget brand
changerobot,Budget brand
aeroforce,Affordable brand
weina,Budget brand
zobo,Affordable brand
galacticos,Budget brand
shiseido,Budget brand
ivc,Budget brand
sitparad,Budget brand
bosnic,Budget brand
ozkaplan,Budget brand
miolla,Budget brand
karmen,Affordable brand
mbs,Affordable brand
dickietoys,Budget brand
carwel,Affordable brand
kyocera,Mid-range brand
pearl,High-end brand
tesoro,Budget brand
yison,Budget brand
ballist-x,Budget brand
mydean,Affordable brand
build-a-bear,Budget brand
sonda,Budget brand
farroad,Budget brand
jvc,Budget brand
ritmix,Budget brand
kale,Affordable brand
saturn,Budget brand
atlas,Budget brand
knauf,Budget brand
rockdale,Affordable brand
daewoo,High-end brand
makeblock,Mid-range brand
lirene,Budget brand
olimp-biznes,Budget brand
maysun,Affordable brand
konami,Budget brand
am.pm,Mid-range brand
levante,High-end brand
tao-tao,Affordable brand
sonoterra,Budget brand
botticelli,Mid-range brand
salvatoreferragamo,Budget brand
esun,Affordable brand
shangpree,Budget brand
muscletech,Budget brand
carpet,Budget brand
camptown,Mid-range brand
grizzly,Budget brand
doliva,Budget brand
tamaris,Budget brand
kronostar,Budget brand
bro,Budget brand
perina,Budget brand
belaakalitva,Budget brand
zeppelin,Affordable brand
burgerschuhe,Affordable brand
cannondale,High-end brand
dls,Affordable brand
sv,Mid-range brand
playland,Budget brand
mebelgrad,Budget brand
meinl,Budget brand
poopsie,Budget brand
strong,Affordable brand
joyor,High-end brand
marta,Budget brand
kiddy,Affordable brand
ventara,Affordable brand
visage,Budget brand
sulhwasoo,Affordable brand
bekzatsport,Affordable brand
wella,Budget brand
kaleos,Mid-range brand
nowodvorski,Budget brand
kartal,Affordable brand
acorp,Budget brand
mfmaster,Affordable brand
biography,Budget brand
ingersoll,Affordable brand
vaude,Affordable brand
cobi,Budget brand
slovo,Budget brand
dowontec,Mid-range brand
erbis,Budget brand
leicos,Budget brand
vitaluce,Budget brand
ant,Affordable brand
xjewellery,Budget brand
similac,Budget brand
gulliver,Budget brand
kronopol,Budget brand
vinzer,Budget brand
baige,High-end brand
livdelano,Budget brand
gabolparadise,Budget brand
bair,Affordable brand
crome,Budget brand
braumauto,Budget brand
crowdgames,Budget brand
sariel,Budget brand
ogreen,Affordable brand
svar,Mid-range brand
timbergroup,Budget brand
guliver,Budget brand
holikaholika,Budget brand
seintex,Budget brand
bwell,Budget brand
silhouette,Mid-range brand
continent,Budget brand
rowenta,Budget brand
artplays,Affordable brand
sweetyhome,Budget brand
carmex,Budget brand
melitta,Mid-range brand
princessa,Budget brand
popov,Affordable brand
stagg,Affordable brand
fassen,Budget brand
prestigio,Budget brand
husky,Affordable brand
dunu,Budget brand
nokian,Budget brand
vertex,Budget brand
kisswill,Budget brand
blenderbottle,Budget brand
cepeckaamf,Budget brand
asus,High-end brand
roland,High-end brand
bravat,Affordable brand
blaupunkt,Mid-range brand
sven,Budget brand
proxxon,Affordable brand
wengemotion,Budget brand
cinemood,Mid-range brand
berkley,Budget brand
toway,Affordable brand
jb,Budget brand
dfz,Budget brand
kompasgidid,Budget brand
beautycreations,Budget brand
xlmedia,Budget brand
michaelkors,Mid-range brand
rochas,Budget brand
lucente,Affordable brand
wowwee,Budget brand
s.a.n.,Budget brand
ltd,Affordable brand
granfest,Affordable brand
agrimotor,Affordable brand
aquanet,Affordable brand
wuw,Budget brand
heco,Affordable brand
shakira,Budget brand
vasden,Affordable brand
sabi,Budget brand
rolife,Budget brand
trinx,Affordable brand
demi,Budget brand
blw,Budget brand
sherlock,Budget brand
alser,High-end brand
prc,Budget brand
oris,High-end brand
livebook,Budget brand
airwheel,Mid-range brand
krups,High-end brand
lovecoil,Budget brand
nillkin,Budget brand
mhp,Budget brand
lucentesilver,Affordable brand
storm,Affordable brand
dymatize,Budget brand
freya,Budget brand
baroque,High-end brand
huile,Budget brand
redline,Budget brand
torres,Budget brand
jika,Affordable brand
kingtony,Budget brand
solideal,Affordable brand
tdm,Budget brand
dab,High-end brand
wster,Budget brand
theshinestonetrade,Budget brand
goodgrill,Budget brand
blackdecker,Budget brand
homeelement,Affordable brand
stolplit,High-end brand
method,High-end brand
sx,Budget brand
pozis,Mid-range brand
cube,High-end brand
lorus,Budget brand
agness,Budget brand
banbao,Budget brand
fisher,Affordable brand
newport,Affordable brand
useandcare,Budget brand
dynafit,Affordable brand
gerbor,Affordable brand
komilfo,Budget brand
dariush,Budget brand
swissimage,Budget brand
dunhill,Budget brand
conceptclub,Budget brand
onix,Affordable brand
airmax,Budget brand
a-mega,Budget brand
freedom,Budget brand
poopeez,Budget brand
braun,Affordable brand
sess,Budget brand
neumann,High-end brand
acd,Budget brand
casamorati,Affordable brand
defredesign,High-end brand
sea-doo,Affordable brand
takeit,Budget brand
iwalk,Budget brand
helvi,Affordable brand
hanlu,Budget brand
stilzizni,Budget brand
boyscout,Budget brand
coballe,Budget brand
energybodysystems,Budget brand
cvgaudio,Budget brand
lezard,Budget brand
kirovskaakeramika,Budget brand
forlux,Budget brand
rosetta,Affordable brand
krasnaaglina,Budget brand
manfrotto,Mid-range brand
loctek,Budget brand
baden,Budget brand
sigikid,Budget brand
minerva,Budget brand
kapsen,Budget brand
capella,Affordable brand
exnihilo,Budget brand
microfire,Affordable brand
ortega,Budget brand
elna,High-end brand
dinamical,Budget brand
banquet,Budget brand
hotpoint-ariston,Mid-range brand
promountain,Affordable brand
dsppa,Budget brand
toyota,Affordable brand
rogervandenberghenv,Affordable brand
evrika,High-end brand
mystar,High-end brand
sardes,Mid-range brand
stiga,Affordable brand
pirs,Budget brand
marker,High-end brand
fujifilm,Affordable brand
saucony,Budget brand
keune,Budget brand
xerox,Affordable brand
light,Affordable brand
zangavar,Budget brand
catimini,Budget brand
fresh,Affordable brand
lolsurprise,Budget brand
mariaiskusnica,Budget brand
rotor,Budget brand
rieker,Budget brand
artel,Affordable brand
belgia,Budget brand
moroshka,Budget brand
turtles,Budget brand
bigdream,Budget brand
next,Budget brand
conte,Budget brand
bosher,Affordable brand
carver,Affordable brand
torso,Budget brand
adata,Budget brand
spalenka,Budget brand
adagio,Affordable brand
renberg,Budget brand
dk,Mid-range brand
makers,Affordable brand
tmsweetpups,Budget brand
mello,Budget brand
baseus,Budget brand
tega,Budget brand
peak,Budget brand
dermacol,Budget brand
mefro,Budget brand
mangokids,Budget brand
pocketbook,Affordable brand
interbaget,Budget brand
logitech,Budget brand
amistar,Affordable brand
beko,Affordable brand
huawei,Affordable brand
canton,High-end brand
ooba,Budget brand
glasman,Affordable brand
geitaran,Affordable brand
biolage,Budget brand
bondibon,Budget brand
magformers,Budget brand
k-power,High-end brand
warmic,Mid-range brand
lifegear,High-end brand
gonher,Budget brand
lorelli,Budget brand
cezaris,Affordable brand
asrock,Affordable brand
gornica,Budget brand
desertykrasoty,Budget brand
babywood,Mid-range brand
telefunken,Budget brand
laneige,Budget brand
palars,Budget brand
aladen,Budget brand
mdv,High-end brand
patriot,Budget brand
clatronic,Budget brand
gomeldrev,High-end brand
babycare,Budget brand
longines,High-end brand
tecno,Budget brand
irbis,Budget brand
selectiveprofessional,Budget brand
makstton,Mid-range brand
ateliero,Budget brand
repetto,Budget brand
dsquared,Affordable brand
epr,Mid-range brand
pandora,Mid-range brand
swat,Budget brand
bueno,Budget brand
alkor,High-end brand
stealth,Budget brand
rivakoch,Budget brand
soundstream,Budget brand
barbie,Budget brand
sacvoyage,Budget brand
micro,Affordable brand
snez,Mid-range brand
eneos,Budget brand
ecolab,Budget brand
otex,Affordable brand
mcculloch,Affordable brand
redford,Affordable brand
lindsay,Budget brand
sonifer,Budget brand
bridgestone,Affordable brand
sevenfriday,High-end brand
pediasure,Budget brand
scivation,Budget brand
dominant-print,Budget brand
grandstil,Budget brand
merrylock,High-end brand
keenetic,Budget brand
metoyou,Budget brand
interojo,Budget brand
ww,Budget brand
deviser,Budget brand
uomo,Affordable brand
htl,Mid-range brand
auldey,Budget brand
besafe,Affordable brand
maono,Budget brand
smile,Budget brand
infinity,Budget brand
kambrook,Budget brand
fitchbaby,Budget brand
milwaukee,Mid-range brand
taitong,Mid-range brand
a-case,Budget brand
vtech,Budget brand
verdi,Mid-range brand
imattress,Mid-range brand
babykiss,Affordable brand
cocoonababy,Affordable brand
keenway,Budget brand
mebberi,High-end brand
alerana,Budget brand
yaole,Budget brand
biotherm,Budget brand
adidas,Budget brand
lombok,Budget brand
hatchimals,Budget brand
sbs,Budget brand
polkaudio,Budget brand
ildi,Affordable brand
imenza,Mid-range brand
markbass,High-end brand
moulinvilla,Budget brand
lexmark,Budget brand
naughtydog,Budget brand
unit,Budget brand
koss,Budget brand
tuncmatik,Budget brand
krk,High-end brand
jeneca,Budget brand
ray-ban,Affordable brand
kingslong,Budget brand
royalblack,Budget brand
stalker,Affordable brand
bruder,Budget brand
nuxe,Budget brand
planet,Budget brand
anreks,Mid-range brand
montblanc,Budget brand
qazaqkhan,Budget brand
wanday,Budget brand
pyrex,Budget brand
nobby,Budget brand
daewooelectronics,Budget brand
hilti,Affordable brand
riminibosco,Affordable brand
electronicarts,Budget brand
rossignol,Affordable brand
ats,High-end brand
akva,Mid-range brand
stellar,Budget brand
audison,Mid-range brand
bombbar,Budget brand
nici,Budget brand
metalac,Budget brand
grow-with-me,Budget brand
vece,Budget brand
shindo,Budget brand
coccinelle,Mid-range brand
vakosa,Budget brand
machete,Budget brand
standart,Budget brand
pintinox,Budget brand
rivertoys,Affordable brand
castorland,Budget brand
tutis,Mid-range brand
koopman,Budget brand
mirra,Budget brand
alctron,Affordable brand
corsair,Affordable brand
inkax,Budget brand
tornado,Budget brand
leco,Budget brand
johnvarvatos,Budget brand
checkin,Affordable brand
tedmyfriend,Budget brand
missha,Budget brand
runwin,Affordable brand
adamas,Affordable brand
brisk,Budget brand
fais,Budget brand
jockey,Budget brand
scoole,Budget brand
onlitop,Budget brand
ecolight,Budget brand
leem,High-end brand
autoprofi,Budget brand
condor,Affordable brand
aula,Budget brand
favourite,Budget brand
maruemsta,Budget brand
morakniv,Budget brand
teploteh,Budget brand
ciaobimbi,Budget brand
foligain,Budget brand
bertoni,Budget brand
riga,Mid-range brand
volsebnaanoc,Budget brand
chairman,Affordable brand
regentinox,Budget brand
byredo,Affordable brand
bts,Affordable brand
moov,Budget brand
kerastase,Budget brand
vega,Budget brand
beurer,Budget brand
mgaentertainment,Mid-range brand
mongoose,Affordable brand
harleybaby,Affordable brand
achilles,Budget brand
daye,Budget brand
popcornbooks,Budget brand
hoka,Affordable brand
nika,Budget brand
lepota,Budget brand
sinbo,Budget brand
leica,High-end brand
biostar,Budget brand
skylor,Affordable brand
anta,Affordable brand
saipo,Budget brand
carters,Budget brand
hifly,Budget brand
foryou,Budget brand
blaumann,Budget brand
metalions,Budget brand
zimakrasavica,Budget brand
grandvictory,Budget brand
medela,Affordable brand
gskill,Affordable brand
rimmel,Budget brand
helpfer,Budget brand
rpikduir,Budget brand
gehwol,Budget brand
evo,Mid-range brand
ugreen,Budget brand
pituso,Budget brand
delonghi,Mid-range brand
wess,Budget brand
wibtek,Affordable brand
fea,Budget brand
uta,High-end brand
biema,High-end brand
bozhi,Budget brand
gnu,Mid-range brand
paint,Budget brand
rebellion,Budget brand
tamish,Budget brand
audac,Budget brand
santek,Affordable brand
yoya,Budget brand
julbo,Budget brand
minelab,High-end brand
mojdodyr,Mid-range brand
khw,Budget brand
steppuzzle,Budget brand
internedoors,Affordable brand
dankotoys,Budget brand
napoleon,Mid-range brand
akvaton,Affordable brand
nuovabattipav,Budget brand
rextor,Budget brand
azbukvarik,Budget brand
starline,Affordable brand
sasta,Budget brand
avs,Budget brand
intel,Mid-range brand
roamer,Mid-range brand
orico,Budget brand
kafekrasoty,Budget brand
drhedison,Budget brand
whitewave,Budget brand
lorealparis,Budget brand
aleteja,Budget brand
falmec,Mid-range brand
mercedes,Affordable brand
claudebernard,Affordable brand
intego,Affordable brand
nexttab,Budget brand
cettua,Budget brand
jeep,Affordable brand
qiangchi,Affordable brand
zorg,Affordable brand
spalding,Budget brand
vaiper,Affordable brand
framesi,Budget brand
addlink,Budget brand
native,Affordable brand
merries,Budget brand
bravis,Budget brand
tekstilnaalavka,Budget brand
balenciaga,Affordable brand
unilux,High-end brand
schneider,High-end brand
astrid,Budget brand
fly,Mid-range brand
kumanodeve,Budget brand
belka,Affordable brand
bovidix,Budget brand
chicco,Affordable brand
merlin,Budget brand
x-level,Budget brand
sdt,Affordable brand
yvessaintlaurent,Budget brand
inmotion,High-end brand
orangedaily,Budget brand
radaway,High-end brand
pika,Affordable brand
vitus,Budget brand
apollo,Budget brand
csmedica,Budget brand
bq,Budget brand
stockli,High-end brand
aeg,Budget brand
schecter,Mid-range brand
converse,Budget brand
millet,Affordable brand
mattel,Budget brand
sakura,Budget brand
zubr,Affordable brand
goo.n,Budget brand
caprice,Budget brand
orbotix,Affordable brand
bonvini,High-end brand
osgona,Budget brand
tmnt,Budget brand
ekonomia,Budget brand
erdenet,Affordable brand
lg,Mid-range brand
kranzle,High-end brand
vesna,Budget brand
glam-forever,Budget brand
oralcare,Budget brand
dopdrops,Budget brand
tech-line,Mid-range brand
teka,High-end brand
madguy,Budget brand
blackmores,Budget brand
castelgarden,Affordable brand
adile,Budget brand
joonies,Budget brand
gelflex,Budget brand
lorelli-bertoni,Budget brand
caiman,High-end brand
viewsonic,High-end brand
brw,Affordable brand
roca,Mid-range brand
drjart,Budget brand
deluxe,Budget brand
marvel,Budget brand
xiaomi,Affordable brand
pdw,Mid-range brand
ceriotti,Budget brand
mosconi,High-end brand
svc,Budget brand
brother,Affordable brand
shishi,Mid-range brand
bayerlux,Budget brand
playme,Affordable brand
canyon,Budget brand
heinz,Budget brand
nasomatto,Affordable brand
tommyhilfiger,Affordable brand
midea,Affordable brand
levenhuk,Affordable brand
alexandre.j,Affordable brand
eveline,Budget brand
promozer,Budget brand
kitchenaid,High-end brand
reergmbh,Budget brand
satagood,Budget brand
iconbit,Budget brand
shagovita,Budget brand
livnynasos,High-end brand
tyrex,Affordable brand
roadx,Budget brand
floresan,Budget brand
citizen,Affordable brand
pro-ject,High-end brand
elvin,Budget brand
selective,Budget brand
faber,Affordable brand
canam,Mid-range brand
puridea,Budget brand
greenway,Budget brand
madina,Budget brand
goliath,Budget brand
biol,Budget brand
joyroad,Budget brand
toro,Budget brand
lauravalorosa,Affordable brand
microids,Budget brand
karaja,Budget brand
lubimyjdom,High-end brand
apriori,High-end brand
marcotozzipremio,Budget brand
mezizdat,Budget brand
ardo,Budget brand
spinmaster,Affordable brand
nutrex,Budget brand
bestlife,Budget brand
venta,High-end brand
zyxel,Affordable brand
harley-davidson,Affordable brand
mackie,High-end brand
valve,Affordable brand
ducray,Budget brand
terra,Affordable brand
powcan,Mid-range brand
garnier,Budget brand
ollin,Budget brand
singer,Affordable brand
almaty,Budget brand
varta,Affordable brand
vivo,Mid-range brand
aquafruit,Budget brand
samonite,Affordable brand
inglesina,Mid-range brand
barettoni,Mid-range brand
sbw,High-end brand
yunteng,Budget brand
sanitaluxe,Budget brand
bombcat,Budget brand
shhongri,Budget brand
mauboussin,Budget brand
kari,Budget brand
deuter,Affordable brand
goodram,Budget brand
viga,Budget brand
gammapiu,Budget brand
ausini,Budget brand
osann,Affordable brand
spiegelau,Budget brand
syntrax,Budget brand
bulova,High-end brand
toyland,Affordable brand
appollo,Affordable brand
jamo,High-end brand
chanel,Affordable brand
normann,Budget brand
vorson,Budget brand
mebbery.kz,Mid-range brand
saeshin,Affordable brand
ardesia,High-end brand
joie,Affordable brand
marusa,Budget brand
specialized,High-end brand
teens,Budget brand
calgaro,High-end brand
superwings,Budget brand
m-wave,Affordable brand
magnitoj,Budget brand
mioshi,Budget brand
trendbeauty,Budget brand
iplay,Budget brand
bio-tekstil,Budget brand
staub,Affordable brand
proma,Affordable brand
mersco,Budget brand
simonettaravizza,High-end brand
lego,Budget brand
yuneec,High-end brand
crusader,Affordable brand
lapocka,Budget brand
gladen,Affordable brand
magic,Budget brand
tomford,Affordable brand
munchkin,Budget brand
tomfarr,Affordable brand
maxler,Budget brand
berossi,Budget brand
selby,Budget brand
robens,Budget brand
xinyu,Budget brand
tuffoni,Affordable brand
belcat,Affordable brand
toneybaby,Affordable brand
kokiri,Budget brand
flambeau,Budget brand
enkor,Budget brand
silva,High-end brand
doublefish,Budget brand
robertobravo,High-end brand
mr.pixel,Budget brand
aimoto,Budget brand
kiddieart,Budget brand
nike,Affordable brand
arstisa,Affordable brand
presonus,Affordable brand
vlk,Budget brand
rika,Affordable brand
fiio,Affordable brand
reshin,Affordable brand
romanson,Affordable brand
jkexer,High-end brand
aero,High-end brand
trussardi,Budget brand
roeyuta,Affordable brand
avengers,Budget brand
kskids,Budget brand
epnew,Budget brand
invader,High-end brand
pastel,Affordable brand
sima-land,Budget brand
magicbeartoys,Budget brand
kristal,Affordable brand
huanger,Budget brand
almacom,Affordable brand
capanni,High-end brand
larocheposay,Budget brand
filly,Budget brand
hec,Affordable brand
mojmalys,Budget brand
emily,Budget brand
bochetti,Affordable brand
andrewfuchs,Affordable brand
tontarelli,Budget brand
basic,Mid-range brand
optima,Affordable brand
cullmann,Budget brand
olmio,Budget brand
quechua,Affordable brand
tizo,Budget brand
tigerking,High-end brand
apacer,Budget brand
evriki,Budget brand
scher-khan,Budget brand
noctua,Budget brand
fidan,Budget brand
gorenje,Affordable brand
cablexpert,Budget brand
mccan,Mid-range brand
floralis,Budget brand
rial,Mid-range brand
hubert,Mid-range brand
digifriends,Budget brand
harpercollins,Budget brand
rdx,Budget brand
greenland,Budget brand
babycarrier,Affordable brand
stinger,Affordable brand
lessar,Mid-range brand
moshi,Budget brand
maisonfranciskurkdjian,Mid-range brand
maribel,Affordable brand
domcraft,Budget brand
erlit,Affordable brand
yusufhali,Affordable brand
individuum,Budget brand
golf,Budget brand
tourist,Budget brand
derevaski,Budget brand
polarring,Budget brand
skv-kompani,Affordable brand
dirkjebabywear,Budget brand
ubisoft,Budget brand
wetnwild,Budget brand
peavey,Mid-range brand
leicos-leiya,Budget brand
mcfr,Budget brand
marley,Budget brand
vortex,Budget brand
vitross,Budget brand
steelpower,Budget brand
monisstil,Budget brand
yvesrocher,Budget brand
sencor,Affordable brand
axper,Budget brand
maomaoku,Mid-range brand
milavitsa,Budget brand
worwo,Budget brand
labiotte,Budget brand
versus,Mid-range brand
maxwell,Budget brand
maxi-cosi,Affordable brand
kolner,Budget brand
sparta,Budget brand
greenworks,Mid-range brand
royallondon,Affordable brand
totalbox,Mid-range brand
jimmychoo,Mid-range brand
kpt,Affordable brand
guangwei,Budget brand
skillmax,Affordable brand
mitre,Budget brand
complimenti,Budget brand
bose,Mid-range brand
privia,Budget brand
solaris,Budget brand
walfix,Budget brand
danke,Mid-range brand
mamadoma,Affordable brand
baboo,Budget brand
imperial,Mid-range brand
crest,Budget brand
polini,Affordable brand
motorola,Affordable brand
legrand,Budget brand
huawang,Budget brand
parallelkomiks,Budget brand
gladiator,High-end brand
genius,Budget brand
cam,Mid-range brand
kumano,Budget brand
halei,Budget brand
woddon,Budget brand
mido,High-end brand
oumile,Budget brand
zanussi,Mid-range brand
maestro,Budget brand
mjx,Mid-range brand
sheba,Affordable brand
hoco,Budget brand
genny,Affordable brand
nixx,Affordable brand
gamma,Budget brand
yamato,Mid-range brand
liberty,High-end brand
myprotein,Budget brand
olimp,Budget brand
klx,Budget brand
aquaton,Affordable brand
bunchems,Budget brand
magma,Affordable brand
heyner,Affordable brand
zlatek,Budget brand
thermex,Affordable brand
acm,Budget brand
babymoov,Affordable brand
zfts,Budget brand
kelly,Mid-range brand
dr.hoffman,Budget brand
dasch,Budget brand
planetaorganica,Budget brand
nizegorodskaaigruska,Budget brand
kona,Mid-range brand
kettler,High-end brand
hellion,Budget brand
hap-p-kid,Budget brand
prestige,Affordable brand
aquilon,Mid-range brand
carmani,Budget brand
collistar,Budget brand
delma,Budget brand
receptybabuskiagafi,Budget brand
renova,Budget brand
coolmaster,Budget brand
catrice,Budget brand
daniel,Budget brand
voyager,Budget brand
yoshioki,Budget brand
leonbergo,Budget brand
playmobil,Budget brand
bessey,Budget brand
king,Affordable brand
merelani,Affordable brand
felisatti,Affordable brand
rovus,Budget brand
cars,Budget brand
armos,Mid-range brand
janesper,Budget brand
musicroom,High-end brand
decora,Budget brand
omero,Affordable brand
comfort,Budget brand
daiwerina,Budget brand
forza,Affordable brand
millenium,Budget brand
big,Budget brand
haushalt,Budget brand
stolicatekstila,Budget brand
outwell,Budget brand
mad,Budget brand
luciasvetlaa,Mid-range brand
sti,Budget brand
kingsong,High-end brand
expression,Budget brand
maxtrek,Budget brand
xiaoyueliangtoys,Budget brand
ovk,Budget brand
akvalinia,Budget brand
pierrelannier,Affordable brand
lealelo,Budget brand
rooman,Budget brand
amd,Affordable brand
ralphlauren,High-end brand
santa-cruz,Affordable brand
disney,Budget brand
eltex,Budget brand
diamond,Budget brand
stabila,Mid-range brand
maxion,Mid-range brand
kabrita,Budget brand
rotorazer,Budget brand
dion,Budget brand
carlsbro,High-end brand
hp,Mid-range brand
oliviabambino,Affordable brand
alphard,Budget brand
aquavis,Affordable brand
invotone,Budget brand
nissan,High-end brand
thomas,Mid-range brand
proel,High-end brand
transcend,Budget brand
uvelirnyetradicii,Budget brand
dam,Budget brand
inter,High-end brand
purederm,Budget brand
barty,Affordable brand
veritas,Affordable brand
cliff,Affordable brand
kraftool,Affordable brand
buderus,High-end brand
mooveandfun,Affordable brand
stor,Budget brand
stahlberg,Budget brand
steelflex,High-end brand
v-color,Budget brand
lysvenskieemali,Budget brand
chilokbo,Budget brand
robins,Budget brand
algotherm,Budget brand
akpo,Affordable brand
deoproce,Budget brand
longstyle,Affordable brand
fireball,Affordable brand
swissline,Budget brand
vesta,Budget brand
ampm,Budget brand
bartplast,Affordable brand
shivaki,Affordable brand
hanma,Mid-range brand
cavaletto,Affordable brand
smartbuy,Budget brand
cafemimi,Budget brand
svetogor,Budget brand
elektrostandard,Budget brand
comfee,Affordable brand
juventa,Budget brand
xieming,Budget brand
grillver,Affordable brand
focal,Affordable brand
noopies,Budget brand
calypso,Budget brand
brumer,Affordable brand
luminarc,Budget brand
strobbs,Budget brand
nanga,Budget brand
toocool,Budget brand
mark,Budget brand
liujo,Affordable brand
cameo,Affordable brand
panouge,Budget brand
rastar,Budget brand
lancome,Budget brand
vichy,Budget brand
mitte,Budget brand
akg,Affordable brand
buldors,Affordable brand
fubag,Mid-range brand
skwooshi,Budget brand
bkf,Mid-range brand
kompasgid,Budget brand
egg,High-end brand
farcar,Mid-range brand
tima,Budget brand
garanterm,Budget brand
verloni,Budget brand
maisto,Budget brand
welcos,Budget brand
aoc,Affordable brand
hq,Affordable brand
sava,Budget brand
fondital,High-end brand
lostkitties,Budget brand
ccm,Affordable brand
art-visage,Budget brand
must,Affordable brand
timilostworld,Budget brand
chuckfriends,Budget brand
ching-ching,Affordable brand
shimano,Affordable brand
joerex,Budget brand
naturasiberica,Budget brand
houseofseasons,Budget brand
noktamakro,Mid-range brand
wellberg,Budget brand
unyjatlet,Affordable brand
biotech,Budget brand
americanmotionfitness,High-end brand
medeli,High-end brand
hummer,Budget brand
redragon,Budget brand
mebelev,Mid-range brand
humidifier,Budget brand
zazu,Budget brand
rondell,Budget brand
babor,Budget brand
handwers,Budget brand
stanley,Budget brand
v-unic,Affordable brand
pinti,Budget brand
glimmeies,Budget brand
salamander,Affordable brand
tradiciatekstila,Budget brand
atkinsons,Affordable brand
amf,Affordable brand
info,Affordable brand
three-a,Budget brand
mutsy,High-end brand
uno,High-end brand
f-power,High-end brand
i-baby,Budget brand
celine,High-end brand
tpmaster,Budget brand
topface,Budget brand
tigres,Budget brand
wonderlab,Budget brand
graff,Budget brand
tundra,Budget brand
spur,Budget brand
karcher,Affordable brand
kohala,Budget brand
stolline,Affordable brand
btwin,Affordable brand
triumphnord,Affordable brand
silampos,Budget brand
fuel,High-end brand
sheyk,Budget brand
diamant,Affordable brand
kangkang,Budget brand
suave,Budget brand
adamex,Mid-range brand
komfort-s,Mid-range brand
babybotte,Budget brand
dalianhantaitradecoltd,Budget brand
noppies,Budget brand
dreja,Budget brand
smartway,Budget brand
mebelazii,Mid-range brand
wahl,Budget brand
spider-man,Budget brand
rotiform,High-end brand
agl,Affordable brand
steelseries,Budget brand
adriatica,Affordable brand
pegperego,Mid-range brand
westa,Budget brand
daiwa,Affordable brand
hada,Budget brand
autojet,Budget brand
oscardelarenta,Budget brand
kumho,Budget brand
carlsbad,Affordable brand
energenie,Budget brand
villi-vinki,Budget brand
weekend,High-end brand
davidoff,Budget brand
dmichael,Budget brand
iope,Budget brand
julong,Mid-range brand
inwin,Mid-range brand
clinch,Budget brand
molten,Budget brand
gemei,Budget brand
naturerepublic,Budget brand
enlightenbrick,Budget brand
nania,Budget brand
altenzo,Budget brand
kite,Budget brand
htw,Mid-range brand
stl,Budget brand
global,Budget brand
lcf,Budget brand
suda,Budget brand
epson,Affordable brand
carhome,Budget brand
maxcity,Budget brand
maxvi,Budget brand
haken,Budget brand
kgc,High-end brand
cayee,Budget brand
omabelle,High-end brand
magellan,Budget brand
stendmebel,Affordable brand
voltmaster,Budget brand
clanfrancoferre,Budget brand
motorguide,Affordable brand
chayka,Affordable brand
badboy,Affordable brand
ryobi,Affordable brand
kia,High-end brand
coghlans,Budget brand
llorens,Budget brand
belletti,Affordable brand
mykita,High-end brand
mujjo,Budget brand
zte,Budget brand
go-sport,Budget brand
crockid,Budget brand
matrol,Affordable brand
autoline,Affordable brand
mateus,Mid-range brand
didistyle,Budget brand
milk,Budget brand
akro,Budget brand
mystery,Budget brand
fabrikakomiksov,Budget brand
phillips,Affordable brand
kink,Mid-range brand
sleekmakeup,Budget brand
polesie,Budget brand
molfix,Budget brand
lucalighting,Budget brand
lange,Affordable brand
falken,Budget brand
arena,Affordable brand
electrolux,Mid-range brand
midzumi,Affordable brand
tesler,Budget brand
qnt,Budget brand
granchio,Budget brand
colgate,Budget brand
haday,Budget brand
italtrike,Budget brand
pajak,High-end brand
kehan,Budget brand
odeonlight,Budget brand
lashologist,Budget brand
divalux,High-end brand
ibaby,Affordable brand
kora,Budget brand
aplus,Budget brand
merzuka,Budget brand
giti,Budget brand
innisfree,Budget brand
evenflo,Affordable brand
ivt,Budget brand
berber,Budget brand
odri,Budget brand
brauberg,Affordable brand
sgary,Budget brand
optoma,High-end brand
compasal,Budget brand
asb,Budget brand
ski-doo,Mid-range brand
volta,Budget brand
marcher,Mid-range brand
barhatnyjsezon,Budget brand
best,Mid-range brand
prada,Affordable brand
cerruti,Budget brand
studiomaster,High-end brand
gaga,Budget brand
dardav,Affordable brand
vitra,Affordable brand
eurotrading,Budget brand
max-pro,Affordable brand
codemasters,Budget brand
leeco,Mid-range brand
travellight,Budget brand
fossil,Affordable brand
graffiti,Budget brand
masaimedved,Budget brand
nvp,Budget brand
orla,High-end brand
circle,Mid-range brand
erkaplan,Affordable brand
merida,High-end brand
lilwoodzeez,Budget brand
flashpoint,Budget brand
petitfee,Budget brand
princessemarinadebourbon,Budget brand
schreuders,Budget brand
benebaby,Affordable brand
cellarprivate,High-end brand
stonelock,Affordable brand
izdatelstvoivanalimbaha,Budget brand
carfashion,Budget brand
aiken,Affordable brand
indesit,Affordable brand
kef,High-end brand
mebelswow-rn,Affordable brand
agatharuizdelaprada,Budget brand
homeart,Budget brand
venti,Affordable brand
momentum,Affordable brand
altinbasak,Budget brand
gardena,Affordable brand
junte,Budget brand
dior,Affordable brand
goldenrose,Budget brand
nuforce,Budget brand
voltajr,High-end brand
vivitek,High-end brand
crane,Budget brand
velositywheels,High-end brand
mora,Affordable brand
babylock,High-end brand
wehncke,Affordable brand
pccooler,Budget brand
vitesse,Budget brand
amico,Budget brand
besty,Budget brand
samga,Budget brand
niio,Budget brand
verossa,Budget brand
champion,Affordable brand
upright,Budget brand
celestron,Affordable brand
federal,Budget brand
alondra,Budget brand
xti,Budget brand
irest,Budget brand
alca,Budget brand
danau,High-end brand
bandainamco,Budget brand
kamskaaposuda,Budget brand
nyce,Budget brand
stn,Budget brand
wera,Affordable brand
prestiz,Budget brand
furreal,Budget brand
tako,High-end brand
tamron,High-end brand
picard,Budget brand
alavann,Affordable brand
popurri,Budget brand
tokler,Budget brand
miromaks,Budget brand
chopard,High-end brand
traser,Mid-range brand
batman,Budget brand
optimus,Budget brand
rock,Budget brand
weiste,Budget brand
qplay,Affordable brand
orient,Affordable brand
rossia,Budget brand
jinga,Budget brand
initioparfumsprives,Budget brand
corps,Budget brand
ibili,Budget brand
powertrac,Budget brand
roadcruza,Affordable brand
laston,Affordable brand
haier,Mid-range brand
pablosky,Budget brand
nvprint,Budget brand
cobat,Budget brand
gopro,Mid-range brand
maxi,Budget brand
lipsmacker,Budget brand
smart,High-end brand
blumarine,Budget brand
ilife,Affordable brand
starmom,Budget brand
lenizdat,Budget brand
restar,Budget brand
beaba,Affordable brand
kenzo,Budget brand
vista,Affordable brand
sindbad,Budget brand
expromt,Budget brand
eco,Budget brand
realflame,High-end brand
qazprotein,Budget brand
maman,Budget brand
helvetia,High-end brand
dlaudio,Budget brand
lada,Budget brand
escan,Budget brand
abtoys,Budget brand
playmates,Budget brand
arno,High-end brand
ardell,Budget brand
whirlpool,High-end brand
ibiscus,Mid-range brand
bloomsbury,Budget brand
wintek,Budget brand
fender,High-end brand
biwec,Affordable brand
damixa,Budget brand
hyundai,Affordable brand
ouaps,Budget brand
stupidcasual,Budget brand
lakme,Budget brand
rempire,Budget brand
kapousprofessional,Budget brand
crosby,Budget brand
smartrike,Affordable brand
luxking,Affordable brand
karavaevskaauf,Affordable brand
babygo,Budget brand
egger,Budget brand
ampeg,High-end brand
kajsa,Budget brand
alexandermcqueen,High-end brand
greyder,Affordable brand
indiana,Budget brand
wilmax,Budget brand
dahon,Mid-range brand
intex,Budget brand
sallyhansen,Budget brand
autopower,Budget brand
babyzz,Affordable brand
rockstargames,Budget brand
tacx,Mid-range brand
listvig,Affordable brand
demark,Budget brand
jasic,High-end brand
basik,Budget brand
kodak,Affordable brand
avermedia,Affordable brand
novabright,Budget brand
tamiteks,Budget brand
nutribullet,Affordable brand
hikma,Budget brand
kiturami,High-end brand
kress,Affordable brand
guzzini,Budget brand
polti,Affordable brand
plamers,Budget brand
nagano,Mid-range brand
inseense,Budget brand
sunbody,Budget brand
halmar,Affordable brand
jumper,High-end brand
batik,Budget brand
ls,Affordable brand
lamel,Budget brand
hansa,Affordable brand
nutricia,Budget brand
acqua,Budget brand
audiotop,Budget brand
robertocavalli,Mid-range brand
ecosoft,Affordable brand
nowystyl,Mid-range brand
urgaz,Budget brand
bionime,Budget brand
pny,Mid-range brand
ecler,High-end brand
millionaire,Budget brand
dolcevita,Affordable brand
campinggaz,Affordable brand
freeway,Budget brand
mitasu,Budget brand
samsonite,Affordable brand
westone,Affordable brand
sportelite,Mid-range brand
adam,High-end brand
boarteks,Budget brand
bohmann,Budget brand
belkin,Budget brand
winner,Budget brand
cmi,Affordable brand
stermay,Budget brand
carpisa,Budget brand
creative,Affordable brand
orjade,Budget brand
kuchendorf,Budget brand
vako,Budget brand
alita,Budget brand
hoover,Affordable brand
author,Mid-range brand
tisa,Budget brand
crown,Budget brand
monkey,Budget brand
waterpik,Affordable brand
meike,Budget brand
yokohama,Budget brand
iek,Budget brand
doui,Budget brand
inspector,Affordable brand
lenovo,High-end brand
everflo,Budget brand
household,Budget brand
molodecnomebel,High-end brand
ventura,Budget brand
visavis,Budget brand
kolpasan,Affordable brand
dvin,Affordable brand
avtotent,Budget brand
kapous,Budget brand
werner,Budget brand
bushnell,Affordable brand
kaemingk,Mid-range brand
ecologystone,Budget brand
kalibr,Budget brand
gucci,Affordable brand
parkwood,Affordable brand
zimneevolsebstvo,Affordable brand
autovirazh,Budget brand
mak,High-end brand
meze,Budget brand
vestel,Mid-range brand
crucial,Budget brand
gabor,Affordable brand
alpina,Mid-range brand
easywalker,Mid-range brand
cordiant,Budget brand
aqualife,Affordable brand
sly,Budget brand
karma,High-end brand
tacki,Budget brand
barer,Budget brand
gedore,Budget brand
xp-pen,Mid-range brand
kaier,Mid-range brand
rosmen,Budget brand
mammie,Budget brand
dongma,Affordable brand
bela,Budget brand
brkpress,Budget brand
mochtoys,Affordable brand
penny,Budget brand
mamako,Budget brand
ivy,Budget brand
hollicy,Affordable brand
wind,Mid-range brand
izdatelskijdommeserakova,Budget brand
mikasa,Budget brand
jawbone,Affordable brand
santeri,Budget brand
kainar,Budget brand
jade,Mid-range brand
tefal,Affordable brand
mapei,Budget brand
b-kids,Budget brand
teknum,Budget brand
augustinwelz,Budget brand
pangao,Affordable brand
acv,Budget brand
helfer,Budget brand
netgear,Budget brand
omnimount,Affordable brand
spinmop,Budget brand
mozaika-sintez,Budget brand
sunday,Mid-range brand
kacper,Affordable brand
headrush,Mid-range brand
hauck,Affordable brand
likebook,Budget brand
lion,Budget brand
meizu,Affordable brand
zhejiang,Budget brand
citilux,Budget brand
smoby,Mid-range brand
frozen,Budget brand
greys,Budget brand
efremov,Affordable brand
edelman,Budget brand
tl,Budget brand
momert,Budget brand
sjrc,Affordable brand
granicom,Budget brand
originalamnet,Budget brand
nishane,Affordable brand
chingching,Affordable brand
valentino,Budget brand
nikai,Budget brand
noppiesbaby,Budget brand
turboair,Budget brand
bluedio,Budget brand
lumion,Budget brand
scovo,Budget brand
manke,Affordable brand
welldone,Budget brand
netechnics,High-end brand
uralsport,Budget brand
cempioneria,Budget brand
decoroom,Budget brand
zwillingjahenckels,High-end brand
geneticlabnutrition,Budget brand
prolike,Budget brand
eolaboratorie,Budget brand
bfsnowboards,Mid-range brand
boneco,Affordable brand
alexrojo,Budget brand
waspo,Budget brand
comfortzone,Budget brand
michelin,Affordable brand
korg,High-end brand
roadstone,Budget brand
keramin,Budget brand
d-clinic,Budget brand
rise,Budget brand
matrix,Budget brand
maclay,Budget brand
phantom,Budget brand
mentor,Budget brand
lux-tools,High-end brand
barneo,Budget brand
juki,High-end brand
imetec,Budget brand
mars,Budget brand
mastela,Budget brand
arteolfatto,Affordable brand
globalkeratin,Budget brand
mediheal,Budget brand
dub,Budget brand
zeetex,Budget brand
thorvik,Budget brand
mam,Budget brand
autolite,Budget brand
edge,Affordable brand
puma,Budget brand
racer,Affordable brand
ecs,Budget brand
parklon,Affordable brand
elkitorg,Affordable brand
shopkins,Budget brand
microlab,Budget brand
naturalist,Budget brand
vellarti,Budget brand
mtx,Budget brand
anahickmann,Affordable brand
bourjois,Budget brand
solomon,Affordable brand
elari,Budget brand
yardforce,High-end brand
fisherman,Budget brand
renegade,High-end brand
ecolaboratorie,Budget brand
artmusical,Affordable brand
ravenol,Budget brand
elamina,Budget brand
segotep,Budget brand
sensis,Budget brand
forward,Affordable brand
paso,Budget brand
kivi,Affordable brand
monro,Budget brand
sincotoys,Budget brand
berger,Affordable brand
sokany,Budget brand
stationeryteam,Budget brand
ceinio,Budget brand
suntech-msks,Affordable brand
timi,Budget brand
gionee,Budget brand
remo,Mid-range brand
comma,Affordable brand
mekkan,Budget brand
nannic,Budget brand
viviennesabo,Budget brand
poligrafkombinat,Budget brand
rcf,High-end brand
bfgoodrich,Affordable brand
kawai,High-end brand
la-di-da,Budget brand
toscom,Budget brand
nioxin,Budget brand
ridian,Budget brand
organicshop,Budget brand
nomi,Affordable brand
liebert,High-end brand
joko,Budget brand
leaderkids,Budget brand
tec,Affordable brand
tdmelectric,Budget brand
orto-bed,Mid-range brand
sowell,Mid-range brand
hachette,Budget brand
mebels,Affordable brand
bulgari,Budget brand
dekok,Budget brand
nicecooker,Budget brand
luxell,Budget brand
selena,Budget brand
plitex,Budget brand
vulli,Budget brand
mif,Mid-range brand
edifier,Affordable brand
metabo,Mid-range brand
tutu,Budget brand
hayali,Affordable brand
proffcarbon,Budget brand
neskucnyeigry,Budget brand
fit-rx,Budget brand
ubiquiti,Affordable brand
astana,Budget brand
compliment,Budget brand
genki,Budget brand
moonybaby,Affordable brand
acme,Budget brand
seagate,Budget brand
akai,Budget brand
orium,Mid-range brand
gtrwheel,Mid-range brand
matador,Budget brand
greentrees,Affordable brand
nordictrack,High-end brand
bestoy,Budget brand
wiseson,Budget brand
marshal,Budget brand
roxy,Affordable brand
idillia,Affordable brand
qvs,Budget brand
pampers,Budget brand
kuqidai,Budget brand
masima,Budget brand
duir,Budget brand
turbo,Budget brand
candide,Budget brand
mart,Affordable brand
adel,Budget brand
m-audio,Affordable brand
reima,Affordable brand
neoclassic,Budget brand
courvoisier,Budget brand
nitro,Affordable brand
starmix,Affordable brand
wethepeople,Mid-range brand
rodaco,Budget brand
neva-taft,Budget brand
magnat,Budget brand
promate,Affordable brand
startline,Mid-range brand
eurolux,Budget brand
tuka,Budget brand
humminbird,High-end brand
dunavox,High-end brand
fsd,Budget brand
grape,Budget brand
nan,Budget brand
ibanez,Affordable brand
allocacoc,Budget brand
cantra,Budget brand
farmstay,Budget brand
marching,Budget brand
defender,Budget brand
almaks,Budget brand
terminus,Affordable brand
bykilian,Budget brand
botanica,Budget brand
salomon,Affordable brand
kicker,Affordable brand
terleckikomiks,Budget brand
shoiberg,Budget brand
gitzo,High-end brand
vcom,Budget brand
sonnaaskazka,Budget brand
sunfull,Budget brand
organiczone,Budget brand
force,Affordable brand
caramelia,Budget brand
wangfeng,Budget brand
agu,Budget brand
bauer,Budget brand
bosch,Affordable brand
hertz,Affordable brand
wing,High-end brand
withings,Affordable brand
fagor,Mid-range brand
rosa,Budget brand
jinma,Budget brand
derspur,Budget brand
chic,Affordable brand
welly,Budget brand
avene,Budget brand
neman,High-end brand
scott,High-end brand
dreammachines,High-end brand
lel,Affordable brand
redken,Budget brand
fitwell,Affordable brand
russia,High-end brand
febest,Budget brand
nomad,Budget brand
babytime,Budget brand
casio,Affordable brand
exide,Budget brand
skagen,Affordable brand
kolo,Affordable brand
scinic,Budget brand
bartek,Budget brand
masei,Mid-range brand
simurg,Mid-range brand
futura,Affordable brand
rozenbal,Budget brand
jackson,Mid-range brand
ewa,Budget brand
finezza,Budget brand
belis,Budget brand
potatohead,Budget brand
riko,Mid-range brand
clevan,Affordable brand
skindoctors,Budget brand
canon,High-end brand
peterhof,Budget brand
yacco,Affordable brand
levrana,Budget brand
nexttool,Budget brand
hightechway,Affordable brand
triumf,Affordable brand
nubia,Affordable brand
tomoloo,Mid-range brand
triumph,Budget brand
nacon,Affordable brand
drop,Budget brand
mercury,High-end brand
jeunepremier,Budget brand
daesung,Budget brand
oral-b,Budget brand
alpine,Affordable brand
avina,Affordable brand
metsui,Budget brand
inspiwood,Affordable brand
subea,Affordable brand
binatone,Affordable brand
ea,Budget brand
lem,Budget brand
renovator,Budget brand
polaris,Budget brand
neoline,Affordable brand
kraftform,Affordable brand
claudedozorme,Mid-range brand
janome,Affordable brand
callida,Budget brand
annaanna,Budget brand
ricco,Budget brand
temp,Budget brand
tuctuc,Budget brand
chilok,Budget brand
babyswing,Budget brand
detomaso,Affordable brand
artway,Affordable brand
hgst,Budget brand
lider,Mid-range brand
kawasaki,Affordable brand
nzxt,Affordable brand
tracker,Budget brand
nitto,Budget brand
rapid,Budget brand
sades,Budget brand
lioele,Budget brand
iiyama,Affordable brand
monsterjam,Budget brand
keneksi,Budget brand
nurpress,Budget brand
cyberpower,Affordable brand
trek,High-end brand
jellyfishjam,Budget brand
gembird,Budget brand
sordiant,Budget brand
kontinent,Budget brand
onhillsport,Budget brand
synology,High-end brand
smarttrike,Budget brand
arwanan,Affordable brand
shoesrepublic,Budget brand
habilead,Budget brand
everlast,Affordable brand
ken,Affordable brand
gross,Affordable brand
dearest,Budget brand
graphite,Budget brand
vladi,Budget brand
genau,Affordable brand
joe,Affordable brand
humana,Budget brand
profiko,Affordable brand
marcotozzi,Budget brand
nathan,Affordable brand
tomahawk,Affordable brand
insinse,Budget brand
lanvigator,Affordable brand
milan,Budget brand
micio,Affordable brand
teorema,Affordable brand
aletant,Affordable brand
sigma,Budget brand
seanovo,High-end brand
luazon,Budget brand
packing,Budget brand
olympus,Mid-range brand
tvs,Budget brand
delmax,Budget brand
rainbo,Budget brand
origins,Budget brand
babys,Budget brand
herman,High-end brand
fancy,Budget brand
fabrikakarteks,Budget brand
kladez,Budget brand
military,Budget brand
raveltex,Affordable brand
zwerg,Budget brand
centrpravilnogosna,Mid-range brand
fostex,Affordable brand
dcshoes,Mid-range brand
homs,Budget brand
merry,Budget brand
starway,Budget brand
provoc,Budget brand
rombica,Budget brand
tuarex,Budget brand
baldessarini,Budget brand
rasch,Budget brand
kineticsand,Budget brand
tch,Affordable brand
pierrericaud,Affordable brand
forminabanyo,Affordable brand
traxxas,Budget brand
technomax,Mid-range brand
cd,Budget brand
konoos,Budget brand
bumbleride,Mid-range brand
lagirl,Budget brand
casada,High-end brand
boss,Affordable brand
wensheng,Budget brand
supermicro,Budget brand
mifold,Budget brand
yokatta,Mid-range brand
magkijson,Budget brand
gazpromneft,Budget brand
sonyinteractiveentertainment,Budget brand
classen,Budget brand
alilo,Budget brand
cosrx,Budget brand
portcase,Budget brand
dxracer,Affordable brand
walkmaxx,Budget brand
antoniolavazza,Affordable brand
naturakamchatka,Budget brand
wolf,High-end brand
bene,Budget brand
behringer,Affordable brand
infinitynado,Budget brand
robobloq,High-end brand
plantex,Budget brand
cort,Affordable brand
mica,Budget brand
leo,Affordable brand
carino,Affordable brand
brita,Budget brand
riminiflash,Affordable brand
troyka,Budget brand
kirkland,Budget brand
hellomaggie,Budget brand
mirodel,Budget brand
timson,Budget brand
make-upatelier,Budget brand
florentina,Affordable brand
transformers,Budget brand
lunkerhunt,Budget brand
x-race,Affordable brand
teknetics,Mid-range brand
devar,Budget brand
kidkraft,High-end brand
dogrular,Budget brand
ooops,Budget brand
winca,Mid-range brand
peda,High-end brand
drfrei,Budget brand
shantougepai,Budget brand
electronicsdeluxe,Affordable brand
hifiman,Affordable brand
karadium,Budget brand
louiserard,High-end brand
maak,Budget brand
istarikomiks,Budget brand
recaro,Mid-range brand
orange,Budget brand
zarad,Affordable brand
lador,Budget brand
fiesta,Affordable brand
ngk,Budget brand
ikea,Affordable brand
police,Affordable brand
kleancolor,Budget brand
ag,Budget brand
sofia,Budget brand
nokia,Affordable brand
masstone,Budget brand
isntree,Budget brand
ocag,High-end brand
svoboda,Budget brand
babyono,Budget brand
camelion,Budget brand
zuru,Budget brand
cartier,High-end brand
apple,High-end brand
junama,High-end brand
erichkrause,Budget brand
bugati,Affordable brand
lemark,Affordable brand
henglei,Budget brand
verbatim,Budget brand
senci,High-end brand
blauberg,Budget brand
shenma,Budget brand
maxxis,Budget brand
startlineplay,Mid-range brand
inflame,Budget brand
adil,Affordable brand
snogear,Affordable brand
acron,Budget brand
sokolov,Affordable brand
creature,Budget brand
ams,Affordable brand
nivea,Budget brand
edem,Budget brand
sylvanianfamilies,Budget brand
domyos,Affordable brand
crossstreet,Affordable brand
esab,Affordable brand
unitedcolorsofbenetton,Budget brand
pandect,Affordable brand
dolcegabbana,Affordable brand
asics,Budget brand
groundzero,Affordable brand
wader,Budget brand
asmrelaks,Mid-range brand
bafang,High-end brand
greta,Affordable brand
pedrollo,High-end brand
mobil,Budget brand
crea,Affordable brand
moliabal,Budget brand
prosperplast,Budget brand
oribel,Affordable brand
smalvic,High-end brand
cersanit,Affordable brand
asm,Mid-range brand
navigator,Budget brand
doubleeagle,Budget brand
ecocraft,Budget brand
acer,High-end brand
gerat,Budget brand
roborock,Mid-range brand
lalique,Budget brand
fanline,Affordable brand
oukitel,Affordable brand
colombo,Budget brand
foxconn,Affordable brand
remington,Budget brand
grafit,Budget brand
galanz,Budget brand
inhouse,Budget brand
jazwares,Budget brand
goodbaby,Affordable brand
devente,Budget brand
camso,High-end brand
mltl,Budget brand
misstais,Budget brand
metrot,Budget brand
cellucor,Budget brand
minimen,Budget brand
karat,Budget brand
alissabeaute,Budget brand
kinklight,Budget brand
kaledomino,Budget brand
poholy,Budget brand
hercules,Budget brand
robotime,Budget brand
ardoni,Affordable brand
berghoff,Budget brand
crona,Budget brand
elite,Budget brand
tools,Budget brand
vokter,Budget brand
kudu,Budget brand
yegam,Budget brand
textura,Affordable brand
amtel,Budget brand
globber,Budget brand
firman,High-end brand
ladida,Budget brand
garant,Budget brand
atomic,Affordable brand
maximumpowernutrition,Budget brand
bayer,Budget brand
kovi,High-end brand
patrino,Budget brand
quiksilver,Mid-range brand
zpao,High-end brand
elitech,Affordable brand
quatro,Affordable brand
hartan,High-end brand
kuppersberg,High-end brand
festool,High-end brand
naomi,Affordable brand
corpus,Budget brand
jordan,Affordable brand
pinghudakebabycarrier,Mid-range brand
permanence,High-end brand
holder,Budget brand
hanowa,Affordable brand
bambola,Budget brand
mof,Budget brand
moschino,Budget brand
superlux,Budget brand
wilson,Budget brand
flight,Budget brand
pride,Affordable brand
msb,Mid-range brand
ttco,Affordable brand
neo,High-end brand
batiste,Budget brand
signal,Affordable brand
nik,High-end brand
nz,Affordable brand
krosno,Budget brand
comforser,Budget brand
mei-cha,Budget brand
hygge,High-end brand
moony,Budget brand
leiya,Budget brand
etro,Affordable brand
alutec,High-end brand
blackbox,Affordable brand
schaublorenz,Mid-range brand
torrent,Affordable brand
pixiebelles,Budget brand
replica,Mid-range brand
sky-watcher,High-end brand
ramili,Budget brand
whistler,Budget brand
concept,Budget brand
calligrata,Budget brand
aerosystem,High-end brand
skullcandy,Budget brand
casper,Affordable brand
preciosa,High-end brand
citycolor,Budget brand
uragan,Budget brand
confetti,Budget brand
ballarini,Budget brand
jio,Budget brand
signature,Budget brand
honhongvictorygroupltd,Budget brand
calvinklein,Affordable brand
playgro,Budget brand
aoteli,Budget brand
mannivanoviferber,Budget brand
almada,Affordable brand
aces,Affordable brand
giorgioarmani,Budget brand
atlantic,Affordable brand
lorellibolgaria,Affordable brand
dragonfly,Mid-range brand
caseconforte,Budget brand
hibertek,Budget brand
san,Budget brand
fila,Affordable brand
landsail,Budget brand
denon,Mid-range brand
skovo,Budget brand
eden,Affordable brand
ostamebel,High-end brand
pikate,Budget brand
cayin,Affordable brand
dsk,Affordable brand
romana,Affordable brand
skechers,Budget brand
bardahl,Budget brand
xigmatek,Budget brand
kingmax,Budget brand
annovireverberi,Affordable brand
rw,Budget brand
arai,High-end brand
sibin,Budget brand
vilia,Budget brand
tcl,Affordable brand
avatar,Budget brand
jet,Budget brand
scooter,Budget brand
hasbro,Budget brand
zegan,Budget brand
zarkoperfume,Budget brand
kaplanser,Budget brand
cadillac,Budget brand
kronwerk,Mid-range brand
cubicfun,Budget brand
climadiff,High-end brand
exost,Affordable brand
ravak,High-end brand
maidou,Budget brand
ricoh,Affordable brand
lifedeco,Mid-range brand
aria,Affordable brand
esthetichouse,Budget brand
kaiser,High-end brand
ninebot,High-end brand
wonlex,Budget brand
startul,Budget brand
hitechnic,Budget brand
trunki,Budget brand
amatis,Affordable brand
crystallux,Budget brand
kmk,Affordable brand
zenmart,Budget brand
kelet,High-end brand
puzzles,Budget brand
fit,Budget brand
biomecanics,Budget brand
railking,Budget brand
drgans,Budget brand
kaierda,Affordable brand
lidonet,Budget brand
boccia,Affordable brand
loreal,Budget brand
graphiteleader,Affordable brand
lapkin,Budget brand
akel,Budget brand
haida,Affordable brand
dilis,Budget brand
baratto,Budget brand
escada,Budget brand
wilo,Mid-range brand
grohe,Mid-range brand
weber,High-end brand
micmax,Budget brand
electro-voice,High-end brand
progress,Affordable brand
sospiro,Mid-range brand
organickitchen,Budget brand
jetair,Affordable brand
startradingabsvecia,Budget brand
blaster,Budget brand
gracecole,Budget brand
horizont,Affordable brand
bsn,Budget brand
goodloot,Budget brand
booil,High-end brand
orimag,Mid-range brand
kunlun,Mid-range brand
jetem,Affordable brand
deta,Affordable brand
muqajankz,Budget brand
tatami,Budget brand
sanita,Budget brand
westerndigital,Affordable brand
wenge,Budget brand
avaloncarpet,Budget brand
montale,Budget brand
hayabusa,Affordable brand
niznekamsksina,Budget brand
robocarpoli,Budget brand
cityup,Budget brand
nutrilak,Budget brand
xxr,High-end brand
milano,Mid-range brand
kovea,Budget brand
domini,Affordable brand
gamemax,Affordable brand
zanry,Budget brand
newbright,Budget brand
vt,Budget brand
vegas,Affordable brand
lingua,Budget brand
proxima,High-end brand
creavit,Affordable brand
battat,Budget brand
coopervision,Budget brand
eskar,Budget brand
nutrend,Budget brand
malamalama,Budget brand
naturepan,Budget brand
raval,Affordable brand
volcano,Mid-range brand
weider,Budget brand
simbat,Budget brand
his,Mid-range brand
gigawatt,Budget brand
worth,Budget brand
evamosaic,Budget brand
avrorateksdizajn,Budget brand
azbuka-attikus,Budget brand
ovation,Budget brand
heinola,Affordable brand
constancy,Affordable brand
cailyn,Budget brand
cmt,Mid-range brand
sportbaby,Mid-range brand
labo,Affordable brand
kativa,Budget brand
zmonday,High-end brand
bissell,Mid-range brand
versale,Affordable brand
alaia,Budget brand
logona,Budget brand
dynastar,Mid-range brand
apache,Mid-range brand
voin,Budget brand
antares,Budget brand
vossen,Mid-range brand
yamaguchi,Affordable brand
covani,Affordable brand
sachiko,Budget brand
babylisspro,Budget brand
reluce,Budget brand
legeartis,Mid-range brand
elegant,Budget brand
baby,Budget brand
bouncin,Budget brand
medisana,Budget brand
bot,Budget brand
osminozka,Budget brand
thor,Affordable brand
chariots,Budget brand
homy,Budget brand
navien,High-end brand
tsubaki,Budget brand
emal,Budget brand
sirius,Budget brand
cougar,Budget brand
wacom,Affordable brand
erismann,Budget brand
hisar,Mid-range brand
joieanglia,Mid-range brand
yato,Budget brand
einhell,Affordable brand
rucelf,Affordable brand
rinnai,High-end brand
yokito,Budget brand
alinex,Budget brand
fabretti,Budget brand
komfederacia,Budget brand
papilla,Budget brand
touchbeauty,Affordable brand
jiaxingharleybabycar,Affordable brand
magnetta,Affordable brand
globex,Budget brand
hycell,Budget brand
peg-perego,Affordable brand
twins,Budget brand
christina,Budget brand
yota,Budget brand
nitecore,Budget brand
barum,Budget brand
granhel,Affordable brand
clever,Budget brand
milat,Affordable brand
focushomeinteractive,Budget brand
dewalt,Affordable brand
mio,Affordable brand
aruna,Budget brand
radiant,Budget brand
x-digital,Budget brand
sergiorossi,High-end brand
beyond,Budget brand
vilenta,Budget brand
lamart,Budget brand
jiada,Budget brand
flushforce,Budget brand
artspace,Budget brand
zebratoys,Budget brand
delkor,Budget brand
hubsan,Affordable brand
prajm-evroznak,Budget brand
joyroom,Budget brand
enchantimals,Budget brand
e-twow,High-end brand
fivestars,Budget brand
jarko,Budget brand
maysternya,Budget brand
zancaster,Budget brand
topicrem,Budget brand
gabriella,Affordable brand
finish,Budget brand
alesis,Affordable brand
peruzzo,Affordable brand
gf,High-end brand
tigar,Budget brand
neff,High-end brand
avalon,High-end brand
doff,Budget brand
veston,Budget brand
kastamonu,Budget brand
eaton,Budget brand
technogym,Mid-range brand
aardwolf,Budget brand
tarlan,High-end brand
jata,Budget brand
max,Budget brand
k-lite,Budget brand
sega,Budget brand
elan,Affordable brand
harper,Budget brand
amarobaby,Budget brand
hyperx,Budget brand
fizan,Budget brand
jonnesway,Affordable brand
ardahali,Mid-range brand
bona,Budget brand
termia,Budget brand
ga-de,Budget brand
misty,Affordable brand
robotis,High-end brand
jiuling,Budget brand
jimcarrey,Budget brand
victoriassecret,Budget brand
bambini,Affordable brand
olto,Budget brand
brevi,Affordable brand
fitbit,Affordable brand
vissol,High-end brand
manhattan,Budget brand
lunecase,Budget brand
funnyfood,Budget brand
noryalli,Budget brand
dobroparov,Budget brand
air-cool,Budget brand
bmw,Budget brand
dreamwave,Budget brand
beliss,Budget brand
epicgear,Budget brand
playskool,Budget brand
leadbros,Affordable brand
evelinecosmetics,Budget brand
zinvo,Mid-range brand
denzel,Affordable brand
family,High-end brand
hera,Budget brand
marcomen,Budget brand
ashleyfurniture,Mid-range brand
apart,Affordable brand
hiper,Budget brand
embawood,High-end brand
graf,Budget brand
roingto,Affordable brand
triton,Mid-range brand
alvitek,Budget brand
dizel,Affordable brand
zic,Budget brand
sunsuki,High-end brand
oppo,Mid-range brand
zongshen,Mid-range brand
hairdorables,Budget brand
amefa,Affordable brand
konig,High-end brand
sterntaler,Budget brand
shell,Budget brand
bugatti,Affordable brand
pro-karaoke,Affordable brand
kramer,Budget brand
optiplus,Budget brand
karya,Budget brand
profteplo,Budget brand
naranda,Budget brand
lol,Budget brand
mutlu,Affordable brand
sweety,Budget brand
dr.jart,Budget brand
ty,Budget brand
navitel,Budget brand
zajkami,Budget brand
denso,Budget brand
murager,Affordable brand
goodride,Budget brand
forcekraft,Budget brand
riken,Budget brand
relouis,Budget brand
mebelcon,Budget brand
nirmal,Budget brand
slider,Affordable brand
playlab,Budget brand
trebl,Budget brand
ekel,Budget brand
arpenaz,Budget brand
yasham,Budget brand
geil,Budget brand
cavanova,High-end brand
weitai,Budget brand
idrobase,High-end brand
etalon,Budget brand
zalman,Budget brand
alinapaint,Budget brand
lihom,Affordable brand
eos,Budget brand
destra,Budget brand
mantra,Affordable brand
seed,High-end brand
petek,Budget brand
hintek,Affordable brand
colourpop,Budget brand
wize,Mid-range brand
crunch,Budget brand
amen,Budget brand
powerman,Budget brand
majescogames,Budget brand
coty,Budget brand
sonny,Budget brand
powertec,High-end brand
diptyque,Affordable brand
rcr,Budget brand
dsp,Budget brand
alpicool,High-end brand
nexxt,Budget brand
dell,High-end brand
skyworth,High-end brand
botas,Budget brand
nadoba,Affordable brand
funred,Budget brand
jocelyn,Budget brand
maakavto,Budget brand
edelform,Affordable brand
yoyofactory,Budget brand
aquamarine,Budget brand
chub,Budget brand
armada,Budget brand
pt-group,Affordable brand
atlant,Affordable brand
marshall,Affordable brand
sanovit,Affordable brand
xtrembots,Budget brand
swissmilitaryhanowa,Affordable brand
plano,Affordable brand
r-senda,Affordable brand
tesma,Budget brand
thrustmaster,Mid-range brand
ragolle,Budget brand
hermes,Affordable brand
fischer,Budget brand
toptools,Budget brand
lom,Budget brand
zwilling,Affordable brand
true,Affordable brand
siger,Budget brand
meccano,Budget brand
meade,High-end brand
duo,Budget brand
palit,Mid-range brand
raidmax,Budget brand
likato,Budget brand
fenix,Affordable brand
bravo,Budget brand
marko,Budget brand
feron,Budget brand
lite-on,Budget brand
exclusive,Budget brand
manuoki,Budget brand
balmain,Mid-range brand
celebrat,Budget brand
daisy,Affordable brand
dita,High-end brand
helix,High-end brand
accumaster,Budget brand
lele,Affordable brand
josephjoseph,Budget brand
wellneo,Budget brand
aerolajf,Budget brand
gorizont,Affordable brand
rline,Budget brand
rubineta,Budget brand
helios,Budget brand
beeline,Budget brand
rockforce,Budget brand
wagner,Mid-range brand
sapphire,Affordable brand
sulongtojs,Budget brand
hohner,Budget brand
bulin,High-end brand
remeza,High-end brand
raceready,Mid-range brand
viessmann,High-end brand
magictrack,Budget brand
osprey,Affordable brand
ecocool,Budget brand
tundracomfort,Affordable brand
leven,Budget brand
mc,Budget brand
rostok-mebel,Affordable brand
pawpatrol,Budget brand
deton,Mid-range brand
monchhichi,Budget brand
centrpoligraf,Budget brand
starfestival,Budget brand
anskin,Budget brand
ast,Budget brand
taller,Budget brand
plantronics,Budget brand
seiko,High-end brand
gainward,Mid-range brand
wedssport,Mid-range brand
jinjianfeng,Budget brand
cardrox,Affordable brand
asustor,High-end brand
keter,Affordable brand
weber-vetonit,Budget brand
sho-me,Affordable brand
bohemia,Affordable brand
gourmet,Budget brand
lahn,Budget brand
evga,High-end brand
skad,Affordable brand
aksion,Budget brand
burberry,Budget brand
bentley,Affordable brand
regent,Budget brand
inteli,Budget brand
kuhar,Affordable brand
sluban,Budget brand
vitebskiekovry,Affordable brand
sunsystem,High-end brand
delimano,Budget brand
cow,Budget brand
otani,Mid-range brand
collagen,Budget brand
grifon,Affordable brand
machaon,Budget brand
prof-press,Budget brand
activision,Budget brand
toysmax,Budget brand
larsen,Budget brand
elco,Budget brand
bond,Budget brand
amigami,Budget brand
waterworld,Budget brand
mancera,Affordable brand
saksi,Budget brand
cybex,High-end brand
joker,Budget brand
givenchy,Affordable brand
breezeboat,Affordable brand
to-plan,Budget brand
babyliss,Budget brand
meguin,Budget brand
caravanmusic,Budget brand
babolat,Budget brand
msi,High-end brand
babysinq,Affordable brand
blackberry,Mid-range brand
mapex,High-end brand
zass,Budget brand
bellamebel,High-end brand
gree,Mid-range brand
albertocasiano,Budget brand
trianglegroup,Budget brand
erisson,Budget brand
bigben,Budget brand
dbpower,Budget brand
ghnfitness,Mid-range brand
garage,Budget brand
blackvue,Mid-range brand
carcam,Affordable brand
gezatone,Budget brand
remer,Budget brand
scorpion,Affordable brand
cacharel,Budget brand
wincars,Budget brand
kormoran,Budget brand
gentrycup,Budget brand
modern,Budget brand
