Affordable brand,einhell,4246.699999999999,45
Mid-range brand,technomax,791.55,5
Budget brand,eksmo,97.85,15
Affordable brand,genebre,162.11,2
Budget brand,asics,3412.580000000001,42
Budget brand,wowwee,35.5,1
Affordable brand,givenchy,18793.2,180
Budget brand,infinity,2975.6199999999994,30
High-end brand,canon,511642.11000000004,1097
Budget brand,razer,9385.61,104
Budget brand,meizer,6.57,2
Affordable brand,biwec,2317.54,17
Affordable brand,fant-mebel,282.89,1
Budget brand,witerra,256.56000000000006,7
Budget brand,miracase,141.4,6
High-end brand,robertobravo,83102.46999999999,82
Affordable brand,mart,15311.740000000002,286
Affordable brand,genlog,180.06,1
Affordable brand,skagen,3211.3700000000003,19
Affordable brand,efremov,24472.38,172
Mid-range brand,kaier,2960.18,8
Mid-range brand,e-blue,2600.1000000000004,9
Budget brand,bauer,13493.359999999999,208
Mid-range brand,mebelservice,290.59000000000003,2
Affordable brand,nintendo,29577.359999999997,96
Affordable brand,gys,593.07,4
Budget brand,guangwei,92.45000000000002,8
Budget brand,amtel,2628.92,72
Budget brand,apex,48.45,1
Budget brand,lador,13.63,1
Budget brand,sakura,265.53,14
Budget brand,gk,21.24,1
Affordable brand,santek,5563.11,51
Mid-range brand,bose,7562.68,17
High-end brand,nikon,201347.44000000003,410
Affordable brand,jaguar,44119.490000000005,301
Budget brand,calypso,161.14,3
Affordable brand,continental,63769.33,451
Affordable brand,akvafor,9574.88,74
Budget brand,segotep,191.51,5
High-end brand,jupiter,2000.06,2
Budget brand,maestro,433.7399999999999,10
Budget brand,noppies,269.0,9
Affordable brand,htc,6267.230000000001,46
Budget brand,henglei,144.67000000000002,6
Affordable brand,g.skill,799.68,6
Budget brand,aquamarine,1128.5799999999997,58
Budget brand,yunteng,630.6499999999999,9
Budget brand,moser,3552.499999999999,49
Budget brand,tisa,41.7,2
Mid-range brand,romack,334.63,1
Budget brand,dilis,119.19,11
Budget brand,sonda,61.78,2
Affordable brand,creo,770.6299999999999,9
Budget brand,tesoro,73.36,1
Budget brand,intro,136.16,10
Affordable brand,bugati,1212.38,5
Budget brand,ladida,169.85999999999999,6
Affordable brand,goodyear,119160.50000000006,1149
Affordable brand,aeroforce,55683.68,389
High-end brand,teka,1573.71,5
Budget brand,scooter,43.43,1
Budget brand,wester,39.1,1
Budget brand,collistar,1486.61,44
Budget brand,gazpromneft,120.12,9
High-end brand,kawai,9921.880000000001,9
Budget brand,anskin,28.95,5
High-end brand,pinskdrev,29328.650000000005,27
Budget brand,laroche-posay,18.02,2
Affordable brand,m-wave,346.98999999999995,3
Budget brand,rubelli,24.43,1
Budget brand,gracecole,167.41,10
Budget brand,molten,68.21,1
Budget brand,palisad,100.4,4
Budget brand,vako,3767.9399999999996,43
Affordable brand,evgo,106.8,1
Budget brand,bruder,1237.41,20
Budget brand,zhejiang,551.8700000000001,11
High-end brand,liebherr,352.11,1
Budget brand,ecologystone,199.82999999999998,3
Budget brand,zeta,63984.43,903
Budget brand,favourite,120.47,2
Budget brand,sanita,1424.92,20
Budget brand,air-cool,77.10999999999999,5
Mid-range brand,dahon,1358.34,3
Budget brand,kleancolor,9.65,1
High-end brand,neva,1619.34,2
Mid-range brand,t-max,2885.05,14
Budget brand,montblanc,7838.19,167
Budget brand,tontarelli,37.46,5
Budget brand,tokler,1007.4899999999999,13
Budget brand,cablexpert,384.57,12
Affordable brand,teorema,227.49,3
Mid-range brand,lider,163497.81000000006,388
Budget brand,dermacol,1171.6499999999999,101
Budget brand,wtflabz,29.73,1
High-end brand,ostamebel,45416.01,64
Budget brand,koopman,240.09,9
Affordable brand,greentree,128.68,1
Budget brand,mercusys,74.13,3
Budget brand,capcom,458.19,9
Budget brand,zvezda,11.97,1
Affordable brand,klima,16158.689999999997,90
Budget brand,fitchbaby,472.82000000000005,12
Affordable brand,nokia,231244.13000000003,2640
Affordable brand,genau,29730.070000000003,112
Budget brand,jvc,26495.42,353
Budget brand,sunfull,54.06,1
Mid-range brand,flavia,2122.27,7
Mid-range brand,epr,11789.26,32
Budget brand,elysium,240.20999999999995,20
Budget brand,prolike,140.79,3
Budget brand,ruike,77.74,4
Budget brand,scruff-a-luvs,64.74000000000001,2
Budget brand,clatronic,2150.74,45
Affordable brand,jacqueslemans,2064.4,15
Affordable brand,dls,814.6999999999999,4
Affordable brand,xerox,8931.269999999999,59
Mid-range brand,tutis,4435.96,10
Affordable brand,incar,714.29,6
Affordable brand,yasin,164472.37,670
Affordable brand,gigabyte,102806.14999999998,466
Affordable brand,bosch,1832717.5,8010
Affordable brand,sapphire,11476.930000000002,46
High-end brand,electro-voice,10281.87,6
Affordable brand,sdt,231.66,3
Affordable brand,hansa,378321.37,1540
Budget brand,victoriassecret,241.9,16
Budget brand,mykronoz,5250.27,60
Affordable brand,blackbox,2457.8100000000004,18
Budget brand,onhillsport,162.14999999999998,3
Affordable brand,rucelf,1803.36,10
Budget brand,havit,529.01,13
Mid-range brand,velvet-santiago,15297.569999999998,44
Budget brand,knauf,22.71,5
Mid-range brand,polar,3811.67,14
Budget brand,meike,79.12,1
Affordable brand,dxracer,25933.100000000002,90
Affordable brand,native,5188.319999999999,36
Budget brand,superfine,22.08,2
High-end brand,scott,1335.42,3
Budget brand,ortopazl,27.54,1
Affordable brand,epson,342218.52999999997,1475
Budget brand,eurolight,32.730000000000004,3
Budget brand,coballe,9950.460000000001,101
Budget brand,micmax,220.35,10
High-end brand,alpicool,1336.6799999999998,2
Mid-range brand,zinvo,772.22,2
Budget brand,weider,12.87,1
Budget brand,maxima,466.0800000000001,18
Affordable brand,bohemia,340.49,4
Affordable brand,shivaki,66910.98,429
Budget brand,balta,4733.58,61
Budget brand,insight,100.02000000000001,8
Budget brand,sti,36.47,1
Affordable brand,creoceramique,158.67,1
Budget brand,lacoste,11457.210000000001,221
Budget brand,kari,12.04,2
Mid-range brand,memo,793.92,3
Budget brand,t-rex,1725.4100000000003,29
Affordable brand,oster,398.89,3
High-end brand,rinnai,66858.44,78
Affordable brand,askona,71139.98999999999,421
Affordable brand,vaiper,120.98,1
Budget brand,annaite,48.84,1
Budget brand,deluxe,6011.510000000001,191
Budget brand,wellberg,1180.58,46
Budget brand,d-clinic,222.90999999999997,7
Affordable brand,maunfeld,9027.53,57
Budget brand,tsv,64.89,1
Affordable brand,afox,620.56,5
Affordable brand,rush,1982.6999999999998,12
Budget brand,bradex,1174.7999999999997,53
Budget brand,erisson,504.56,14
Affordable brand,sinotex,444.42,3
Mid-range brand,stark,36049.520000000004,74
Affordable brand,marcomenti,8862.500000000002,58
Budget brand,irest,943.94,10
Budget brand,banbao,1.18,1
Affordable brand,proma,257.92,1
Affordable brand,energysistem,125.69,1
Budget brand,monsterjam,97.97999999999999,3
High-end brand,kovi,579.17,1
Mid-range brand,electrolux,227311.71000000002,1096
Mid-range brand,persona,342.35,1
Affordable brand,zeppelin,9199.19,65
Budget brand,yato,1251.9799999999998,20
Budget brand,obsessive,20.34,1
Affordable brand,panasonic,142489.99,1439
Affordable brand,autoline,15267.460000000001,54
Affordable brand,iiyama,1048.4,5
Budget brand,moov,102.82,2
Budget brand,gamma,5351.670000000001,132
High-end brand,imperia,7823.12,8
Budget brand,ovk,47.36,2
Affordable brand,avermedia,217.26,2
Affordable brand,karmen,231.91,3
Affordable brand,satura,22759.300000000003,79
Budget brand,steelseries,7599.4000000000015,124
Budget brand,organickitchen,14.4,4
Budget brand,delkor,594.5999999999999,5
Budget brand,attribute,761.2099999999998,41
Budget brand,nord,249.02999999999997,5
Affordable brand,dynamic,1534.06,15
Affordable brand,ams,13171.509999999998,59
Budget brand,helfer,74.65,1
Budget brand,cafemimi,6.18,2
Budget brand,geoffanderson,133.2,3
Budget brand,damper,38.61,1
Budget brand,lezard,9.19,1
Mid-range brand,startradingab,702.72,1
Budget brand,standart,99.23,1
Mid-range brand,pozis,19993.32,67
High-end brand,renegade,3513.6000000000004,3
Budget brand,rasch,12.77,1
Budget brand,lujun,64.35,1
Budget brand,gran-stone,2429.77,32
Mid-range brand,dk,601.8199999999999,2
Budget brand,evamosaic,19.98,4
Budget brand,carters,416.75,15
High-end brand,lutian,2800.14,3
Affordable brand,ibaby,498.09000000000003,3
Budget brand,farmavita,117.12,2
Affordable brand,baltekstil,20248.070000000003,161
Budget brand,packing,77.73,1
Budget brand,brizoll,88.36,3
Affordable brand,cocoonababy,168.6,1
Budget brand,cobra,692.4399999999999,6
Budget brand,crockid,282.73,43
Mid-range brand,shure,11004.65,39
Affordable brand,greyder,32393.090000000007,301
Budget brand,olto,3361.7900000000004,70
Budget brand,apacer,24313.0,601
Affordable brand,uomo,540.48,3
Budget brand,kastamonu,48.21,3
Mid-range brand,vectron,2340.5899999999997,7
Budget brand,patriot,3753.76,55
Budget brand,rodi,828.58,20
Budget brand,tmnt,46.3,1
Budget brand,totaku,80.2,4
Budget brand,pampers,748.0899999999998,97
High-end brand,bernina,79236.66000000002,146
Budget brand,ultravit,16.41,1
Budget brand,oralcare,69.5,2
Budget brand,spalding,63.04,1
High-end brand,asus,1665811.5899999996,3062
Budget brand,maman,114.59,1
High-end brand,kuppersbusch,1408.02,1
Mid-range brand,mif,980.72,4
Affordable brand,forsage,3835.86,26
Budget brand,garnier,128.37,39
Affordable brand,avina,190.29,1
Budget brand,hitechnic,1250.2800000000004,31
Budget brand,bulgari,16132.580000000002,232
Budget brand,pasabahce,487.56999999999977,76
High-end brand,bafang,3057.38,2
Affordable brand,zobo,1494.56,7
Affordable brand,kristal,21354.379999999997,100
Budget brand,omron,102262.26,1698
Affordable brand,alpine,38330.700000000004,243
Affordable brand,zapco,167.31,1
Mid-range brand,sportelite,67095.61,150
Budget brand,strobbs,21347.34,356
Budget brand,san,442.94000000000005,6
Budget brand,bond,254.87000000000006,11
Budget brand,qvs,71.83,14
High-end brand,babylock,9875.52,6
Budget brand,absolutechampion,166.03,1
Affordable brand,racer,24790.71,172
High-end brand,rals,130195.53000000003,244
Affordable brand,columbia,3406.0999999999995,26
Budget brand,waterworld,41.18,2
Affordable brand,kivi,378694.2100000001,1365
Budget brand,dickie,111.06000000000002,6
Budget brand,fischer,1090.8999999999999,12
Budget brand,noryalli,84.17,3
Mid-range brand,gopro,66803.10000000002,144
Budget brand,agatharuizdelaprada,418.28999999999996,9
Budget brand,axper,3058.0799999999995,62
Mid-range brand,pandora,44077.04999999999,209
Budget brand,repetto,72.14,2
Budget brand,bourjois,940.2799999999996,102
Budget brand,sofit,173.64000000000001,3
Mid-range brand,hotpoint-ariston,49394.25000000001,154
Budget brand,cressi,40.93,1
Budget brand,serebroff,205.51999999999998,6
Affordable brand,tomfarr,26190.54,185
Affordable brand,akvarel,765.56,4
Budget brand,w-star,1714.1200000000001,27
Budget brand,smartbuy,8.76,2
Budget brand,aqua,7506.9699999999975,221
Budget brand,shiseido,2978.68,41
Budget brand,babycare,166.68,4
Budget brand,biostar,49.94,1
Affordable brand,hori,223.95,2
Affordable brand,xing,6186.04,33
Affordable brand,atomic,678.58,4
Mid-range brand,taitong,333.55,1
Budget brand,svc,7944.799999999999,183
Budget brand,tristar,1154.8700000000003,36
Affordable brand,ray-ban,6469.400000000002,28
Budget brand,next,1737.4200000000003,28
Budget brand,shopkins,73.02999999999999,3
High-end brand,viessmann,836.57,1
Budget brand,interos,156.88,2
Affordable brand,mantra,793.27,6
Budget brand,mauboussin,149.0,2
Budget brand,azzaro,653.3,12
Budget brand,seintex,150.83999999999997,5
High-end brand,gf,34697.960000000014,46
Budget brand,ewt,91.17,1
Mid-range brand,basic,964.5,3
Affordable brand,jonnesway,129.99,1
Budget brand,beyond,879.05,73
Mid-range brand,vasin,1948.54,5
Budget brand,payot,747.6300000000001,14
Mid-range brand,recaro,990.9599999999999,3
High-end brand,kiturami,14307.650000000001,25
High-end brand,tarlan,3970.38,4
Budget brand,uragan,855.14,22
Affordable brand,varta,19642.95,179
Mid-range brand,kink,2361.48,6
Mid-range brand,vobix,54.01,2
Budget brand,berkley,15.7,1
Affordable brand,amatis,655.99,8
Budget brand,oley,391.24,4
Affordable brand,strunal,308.89,1
Affordable brand,pierrelannier,764.5000000000001,5
Budget brand,rubiks,25.46,1
Budget brand,homeart,376.59999999999997,14
Affordable brand,akpo,5797.38,43
High-end brand,ats,2038.6599999999999,3
Budget brand,aolais,33.46,1
High-end brand,novigo,674.38,1
High-end brand,lenovo,2698106.2999999984,6547
Affordable brand,estap,169.04,1
Budget brand,matador,143782.87000000002,2504
Budget brand,okuma,635.7099999999999,10
Budget brand,dunlop,16791.690000000002,165
Affordable brand,m-audio,11618.599999999999,81
Budget brand,tamiteks,1225.8200000000002,25
Affordable brand,pride,43416.38,289
Budget brand,lite-on,223.21999999999997,6
High-end brand,bugaboo,2223.8199999999997,3
Budget brand,piter-trejd,7.61,1
Budget brand,lcf,107.96000000000001,7
Budget brand,autovirazh,274.64,5
Affordable brand,comma,303.32,1
Budget brand,peterhof,8121.910000000003,114
Affordable brand,mebelson,6442.200000000001,30
Budget brand,art-visage,49.67999999999999,13
Budget brand,babyhit,178.79,2
Budget brand,alteco,35262.020000000004,666
Affordable brand,celestron,7311.120000000001,33
Affordable brand,hollicy,2135.46,11
Budget brand,beautycreations,124.55,13
Mid-range brand,sospiro,310.43,1
Budget brand,wallberry,537.6500000000001,43
Budget brand,upright,24.45,1
Affordable brand,avis,146.72,1
High-end brand,lubimyjdom,1111.19,4
Budget brand,yokito,65.12,5
Affordable brand,strong,679.5600000000001,6
Budget brand,karapuz,21.75,1
Budget brand,aeg,1340.9999999999998,21
Mid-range brand,audison,1545.9299999999998,7
Budget brand,amalbooks,124.36,11
Budget brand,tatami,199.22,4
Budget brand,ea,41043.489999999976,654
Mid-range brand,mojdodyr,304.0,2
Budget brand,apollo,983.3299999999997,65
Affordable brand,cityrover,244.28,1
Budget brand,arsi,303.49,6
Mid-range brand,raceready,3989.83,13
Budget brand,skazocnyjpatrul,19.19,1
Affordable brand,mutlu,7540.010000000001,74
Budget brand,cettua,23.469999999999995,8
Budget brand,x-digital,124.99,4
Budget brand,mtx,1899.1699999999996,24
Budget brand,fisherman,471.16999999999996,8
Budget brand,ningbo,40.07,1
Affordable brand,dior,56479.06000000001,443
Affordable brand,daisy,5748.78,40
Budget brand,kingmeda,11.71,1
Budget brand,wellneo,267.52,8
Affordable brand,roingto,5461.849999999999,25
Budget brand,optiplus,5.79,1
Budget brand,trefl,29.470000000000002,5
Affordable brand,cayin,297.76,2
Budget brand,cityup,456.81,6
Budget brand,huanger,2135.8600000000006,88
Budget brand,alaia,57.92,1
Budget brand,mystery,3137.52,32
Budget brand,alexrojo,417.0,6
Budget brand,ambition,54.06,3
Mid-range brand,teknetics,337.2,1
Affordable brand,arnica,37835.33000000001,250
Budget brand,centara,251.48,4
Affordable brand,gipfel,5601.5,49
Mid-range brand,maisonfranciskurkdjian,1096.5500000000002,4
Mid-range brand,author,771.44,3
Budget brand,grandstil,18.28,1
Budget brand,portcase,558.8899999999998,68
Affordable brand,moldabela,7506.940000000001,53
Budget brand,ollin,16.47,2
High-end brand,firman,7120.69,22
Affordable brand,amazon,9935.96,47
Affordable brand,motorguide,481.86,2
Affordable brand,everlast,189.19,3
Budget brand,montale,89921.05000000002,961
High-end brand,powertec,4890.63,4
Mid-range brand,amouage,4392.720000000001,13
Budget brand,agu,691.69,8
Budget brand,mastela,360.11,5
Budget brand,valentino,602.22,8
High-end brand,husqvarna,7907.42,19
Budget brand,yika,162.18,3
Affordable brand,wingoffly,32230.959999999992,279
Budget brand,vitek,231470.26999999996,5423
Affordable brand,brevi,69.5,1
Affordable brand,torrent,2407.7099999999996,29
Affordable brand,edufun,12517.790000000005,102
Budget brand,deppa,921.4300000000002,65
Budget brand,salvatoreferragamo,487.01,7
Budget brand,kapousprofessional,34.99,10
Affordable brand,gefest,140894.21000000002,733
Budget brand,cerruti,40.63,1
Budget brand,machaon,1227.01,37
Mid-range brand,coleman,1629.05,6
Affordable brand,ariston,241908.44,1942
Budget brand,shagovita,2809.2999999999997,31
Affordable brand,bestway,9751.160000000002,102
Affordable brand,alis,15577.060000000001,158
Budget brand,colgate,158.28999999999996,11
Affordable brand,ikea,9231.650000000001,214
Budget brand,coopervision,344.95,11
Affordable brand,adagio,797.97,7
Budget brand,alpinapabliser,25.94,2
Budget brand,topface,66.18,15
Budget brand,nitecore,333.69,7
Budget brand,bq,33156.7,656
Budget brand,mecta,87.52,2
High-end brand,vardoven,9369.64,14
Budget brand,nicecooker,5830.18,60
Budget brand,penny,43.73,1
Budget brand,solostyle,2571.3099999999995,42
Budget brand,nitto,12043.65,152
Affordable brand,subini,3913.9600000000005,38
High-end brand,minimotors,12041.48,8
Budget brand,global,23.040000000000003,5
High-end brand,chigo,8923.8,22
Affordable brand,fitwell,1251.74,11
Budget brand,scarlett,58821.619999999995,1690
Affordable brand,peg-perego,31429.600000000006,184
Budget brand,ausini,511.44999999999993,21
Affordable brand,llarri,410.84,4
Budget brand,funville,28.26,2
Budget brand,hotwheels,420.66,11
High-end brand,pulser,397390.92999999993,566
Budget brand,caravanmusic,1531.5300000000002,17
Budget brand,lovular,241.44,13
Mid-range brand,centrpravilnogosna,8705.5,25
Budget brand,norfin,3851.9100000000003,74
Affordable brand,bochetti,3966.2599999999998,34
Budget brand,schreuders,159.59,3
Budget brand,rebellion,10.3,2
Affordable brand,corsair,1755.69,11
Budget brand,missha,1356.1,62
Affordable brand,claudebernard,162.17,1
Mid-range brand,marcher,45.48,1
Affordable brand,jiaxingharleybabycar,436.55999999999995,2
High-end brand,neman,21.62,2
High-end brand,longines,19779.14,12
Affordable brand,kronasteel,2430.5,16
Budget brand,cordiant,787330.8600000003,16983
Budget brand,tucano,128.55,5
Affordable brand,covani,6321.88,55
Mid-range brand,michaelkors,3873.4600000000005,11
Budget brand,i-baby,1778.1499999999996,47
Mid-range brand,otani,342.35,1
Budget brand,muscletech,422.90999999999997,11
Affordable brand,matrol,19253.36,183
Budget brand,dinamical,138.93,3
Budget brand,kabrita,1747.7699999999995,64
Budget brand,rcr,46.33,1
Budget brand,diamond,1655.0999999999992,45
Mid-range brand,toshiba,86692.51,341
Affordable brand,porsche,1132.56,8
High-end brand,apple,1.2751252488000013E8,166064
Affordable brand,janome,508290.9399999999,2142
Budget brand,eskar,15.6,1
Budget brand,aileron,63.32,2
Budget brand,dariush,92.67,1
Budget brand,note,102.94,9
Budget brand,redmond,360904.4099999999,5120
High-end brand,radaway,1340.52,2
Affordable brand,dune,164.23,1
Affordable brand,michelin,130363.23000000003,999
Budget brand,travellight,591.51,9
Budget brand,hohner,107.08,1
Mid-range brand,ghnfitness,952.4,2
Budget brand,a-elita,8.49,1
Budget brand,keune,725.4499999999999,17
High-end brand,silva,5241.82,14
Budget brand,barbie,1030.0100000000002,36
Affordable brand,aoc,20720.15,77
High-end brand,dynacord,5758.4400000000005,3
Budget brand,eveline,4.89,1
Mid-range brand,cam,779.69,3
Budget brand,kingtul,1386.15,24
Budget brand,dispho,160.9,5
Affordable brand,terra,488.71000000000004,4
Budget brand,rapoo,1539.58,57
Budget brand,lamel,5.68,1
High-end brand,trek,3323.13,7
Affordable brand,besafe,342.36,2
Mid-range brand,ski-doo,4490.370000000001,16
Affordable brand,doogee,6756.88,55
Budget brand,dox,96.6,15
Budget brand,moschino,18076.120000000003,406
Budget brand,graphite,785.75,9
Affordable brand,halmar,387.44,2
Budget brand,keneksi,14.65,1
Mid-range brand,zongshen,931.48,4
Affordable brand,behringer,1463.0400000000002,8
Affordable brand,artmusical,24360.62000000001,163
Mid-range brand,fantasia,461.78,2
High-end brand,oneplus,354055.8900000001,545
Budget brand,hausmann,392.49,20
Affordable brand,burgerschuhe,10851.160000000002,107
Budget brand,ourgeneration,78.74,1
Budget brand,riche,478.19,17
Affordable brand,babymoov,432.45000000000005,3
High-end brand,juki,5452.37,15
Budget brand,babytime,7912.730000000001,131
Affordable brand,magnetta,59785.36000000001,250
Budget brand,edon,1830.66,50
Budget brand,cifyurm,588.48,21
Affordable brand,baudet,310.95000000000005,3
Budget brand,elari,42562.06999999999,765
Affordable brand,fenix,1217.2399999999998,11
Budget brand,flambeau,141.95000000000002,4
High-end brand,shogun,1132.6,2
Budget brand,adidas,9679.08,135
Budget brand,shoiberg,222.39,4
Budget brand,badlandgames,6895.8,115
Mid-range brand,valberg,20.49,1
Budget brand,bioderma,789.2600000000001,51
Budget brand,topicrem,260.46,17
Budget brand,bburago,777.9399999999998,40
Budget brand,barneo,4069.9699999999993,60
Affordable brand,dkny,6163.12,57
Budget brand,goliath,94.34,3
Budget brand,royal,45.17,1
Budget brand,festina,1402.3699999999994,17
Affordable brand,nortec,460.12,5
Budget brand,beurer,330.76,6
Budget brand,legrand,37.95,1
Budget brand,gesso,325.34999999999997,5
Affordable brand,stinol,296.51,1
Affordable brand,bravat,1364.8400000000001,16
Budget brand,delimano,205.8,5
Budget brand,sweety,420.49,32
Budget brand,koelf,80.59,6
Budget brand,renova,8197.33,95
Budget brand,blumarine,272.57000000000005,7
Budget brand,carfashion,24587.55,331
Budget brand,tsubaki,156.58,13
Affordable brand,anta,2794.8300000000004,24
Budget brand,matrix,11915.700000000003,192
Budget brand,prologic,1274.4399999999998,16
Mid-range brand,rial,14740.77,32
Budget brand,naranda,243.26,3
Affordable brand,travelite,1316.62,10
High-end brand,kurzweil,108287.38000000003,108
Budget brand,nikai,70.0,4
Budget brand,geneticlabnutrition,109.19,7
Budget brand,ultraflash,9.68,1
Affordable brand,ferre,384.81000000000006,3
Budget brand,taller,173.82999999999998,8
Budget brand,petro-canada,106.69999999999999,7
Budget brand,soyntec,2.55,1
Affordable brand,huter,204446.46999999997,1201
Budget brand,zilmer,57.66,2
Budget brand,stavia,43.45,1
High-end brand,weber,303.81,1
Affordable brand,colorful,263.45,2
Mid-range brand,dometic,1737.8100000000002,3
Budget brand,didistyle,579.1500000000001,15
Budget brand,triangle,235502.59999999995,4741
Mid-range brand,siberia,761.66,2
Affordable brand,creed,81013.38,403
Budget brand,karaja,112.49000000000001,6
Budget brand,marta,14.16,1
Budget brand,dunu,130.5,3
High-end brand,garmin,196668.63999999998,354
Affordable brand,audio-technica,3543.45,48
Budget brand,gembird,142.85,5
Mid-range brand,dragonfly,89.32,1
Affordable brand,citizen,5138.550000000001,36
Mid-range brand,mibb,871.99,2
High-end brand,proxima,5122.26,5
Budget brand,defender,7490.66,652
Budget brand,pqi,7.46,1
Budget brand,masstone,806.2099999999998,56
Mid-range brand,simurg,2395.7000000000003,8
Budget brand,mikrotik,75.94,1
Affordable brand,arg,264897.2100000001,2336
Budget brand,elvin,69.24,1
Budget brand,ravenol,139.51999999999998,6
Affordable brand,bushnell,1044.93,5
Budget brand,dodo,4.38,1
Budget brand,mikasa,118.4,2
Budget brand,skytech,51.42,2
Budget brand,stryj,82.34,1
High-end brand,navien,337943.07000000007,557
High-end brand,jkexer,7244.709999999999,7
Affordable brand,longway,1913.8600000000001,15
Budget brand,lancome,14394.480000000001,195
Budget brand,luxuryconcept,57.66,1
Affordable brand,beyerdynamic,3912.4800000000005,35
Affordable brand,nixx,117.12,1
Budget brand,lexmark,834.0,12
Budget brand,lykan,34.75,1
Budget brand,bertoni,5340.239999999999,94
Budget brand,poholy,125.64,2
Budget brand,pikate,10135.650000000001,105
Affordable brand,bts,224468.18999999994,835
High-end brand,omabelle,201897.12999999998,109
High-end brand,sharking,594.61,2
Affordable brand,leo,656.26,6
Budget brand,afnan,1629.6500000000003,31
Budget brand,bardahl,2096.92,75
Budget brand,madcat,70.89,1
Affordable brand,sho-me,114508.22000000004,813
Affordable brand,daiwa,313.78,2
Budget brand,rozenbal,76.44,6
Affordable brand,aria,3064.6400000000003,20
Budget brand,christina,612.1600000000001,25
Budget brand,buttonblue,8.719999999999999,2
Affordable brand,santa-cruz,1028.6,4
High-end brand,pearl,553.91,1
Affordable brand,praktik,287.09,1
High-end brand,oris,20782.54,14
Budget brand,qq,271.01,12
Mid-range brand,samsung,5.486988087000007E7,200027
Affordable brand,dewalt,98477.99000000002,506
Mid-range brand,tech-line,983.3,3
Affordable brand,royallondon,498.84,4
Affordable brand,seasonic,286.0,2
Mid-range brand,lonex,836.5699999999999,2
Budget brand,huntsman,43.5,1
Affordable brand,kolo,1125.62,7
High-end brand,festool,7029.4800000000005,10
Affordable brand,pirelli,54416.90000000001,534
Budget brand,mars,327.68,6
Budget brand,globex,67.87,2
Mid-range brand,delonghi,228649.62000000005,636
Budget brand,nobby,216.19,13
Affordable brand,saeshin,370.68,3
Budget brand,ballarini,523.96,14
High-end brand,elna,6756.610000000001,13
Affordable brand,nadoba,568.43,7
Affordable brand,teploross,20544.53,127
Budget brand,butterfly,247.05,4
Budget brand,onlitop,675.33,10
Affordable brand,brumer,566.28,4
Budget brand,gerat,4552.99,84
Budget brand,syma,3147.8000000000006,28
Budget brand,aerocool,28065.42,379
Affordable brand,mebelswow-rn,7157.6,72
High-end brand,cannondale,1402.0900000000001,3
High-end brand,stolplit,3533.4299999999994,9
Budget brand,anytek,7537.150000000001,88
Affordable brand,manke,1792.62,7
Budget brand,tutti,592.0400000000001,14
Affordable brand,boneco,4450.48,29
Budget brand,urgaz,290.34000000000003,3
High-end brand,konig,669.26,1
Affordable brand,optima,2870.6299999999997,29
Budget brand,altacto,9.3,2
Budget brand,babyswing,9745.329999999998,119
Affordable brand,huion,9755.86,68
Budget brand,kaplanser,86.75,1
Budget brand,timson,359.30000000000007,20
Budget brand,daewooelectronics,187.62,2
Budget brand,sun,195.64,4
Budget brand,alca,476.2300000000001,11
Affordable brand,asrock,24003.08,173
Budget brand,damask,414.43,6
Affordable brand,akvaton,3701.04,17
Budget brand,ozkaplan,247.11,1
Budget brand,lumme,539.5,16
Budget brand,mazzini,15688.659999999996,385
Budget brand,beeline,761.78,20
Mid-range brand,intel,71744.58999999998,276
Budget brand,bombbar,271.52000000000004,12
Budget brand,poppops,11.04,1
Affordable brand,pocketbook,52674.27000000001,369
Budget brand,chloe,4430.920000000001,64
Budget brand,veston,2365.6699999999996,58
Budget brand,jbl,176653.40000000002,2630
Budget brand,vans,150.3,2
Budget brand,sunwide,17294.11,318
Budget brand,yoya,4571.619999999999,53
Mid-range brand,vossen,3474.9900000000002,9
Mid-range brand,sharp,411.83,1
Budget brand,dekok,23.12,2
Mid-range brand,replica,322.27,1
Mid-range brand,zanussi,3568.5699999999997,14
Budget brand,ocz,153.92,2
Budget brand,antares,89.06,1
Affordable brand,dds,2808.02,12
Budget brand,sheffilton,21.16,1
Budget brand,tactic,23.909999999999997,2
Budget brand,alterna,338.41999999999996,3
Budget brand,zlatek,856.7900000000001,17
Affordable brand,annovireverberi,916.53,3
Budget brand,allocacoc,21.47,2
High-end brand,asustor,754.2,2
Affordable brand,medela,725.88,6
Budget brand,powerplant,785.6800000000001,72
Budget brand,superwings,23.0,1
Budget brand,akom,32701.850000000006,443
Budget brand,rubineta,706.4200000000001,11
Budget brand,vulli,104.89999999999998,7
Affordable brand,sunmi,1029.65,5
Mid-range brand,sony,3862886.300000002,10309
Budget brand,continent,1988.9099999999999,116
Budget brand,aiko,3381.0499999999993,39
Budget brand,kerasys,75.17999999999999,14
Affordable brand,nitro,6327.110000000001,23
Budget brand,steffilove,45.79,1
Budget brand,camshel,177.60000000000002,3
Budget brand,babor,3935.2499999999995,62
Budget brand,dopdrops,18.02,1
Affordable brand,adil,28297.390000000003,256
Budget brand,rw,477.2899999999999,8
Budget brand,joker,97.81,1
Affordable brand,cover,22859.770000000008,105
Affordable brand,leader,2660.9399999999996,25
Affordable brand,krause,2209.5399999999995,26
High-end brand,blam,2221.43,4
Budget brand,adile,2342.55,35
Budget brand,teosa,2059.3300000000004,58
Budget brand,berlingerhaus,200.69000000000003,4
Affordable brand,bridgestone,119383.75000000004,813
Budget brand,doliva,212.60999999999999,16
Budget brand,nioxin,267.73,6
Budget brand,wilson,451.40999999999997,6
Mid-range brand,versus,634.77,2
Budget brand,roadx,91302.66999999998,1658
Mid-range brand,apc,688.15,11
Budget brand,aoteli,7646.0199999999995,169
Affordable brand,glasman,9703.92,68
Budget brand,genius,898.24,41
High-end brand,fender,20624.9,64
Budget brand,fisher-price,754.3500000000001,20
Budget brand,acme,8214.859999999999,187
Budget brand,perilla,18975.129999999997,636
Budget brand,shoesrepublic,69.5,1
Affordable brand,gamemax,11763.22,66
Budget brand,ronthompson,205.16,8
Affordable brand,salewa,275.69,4
High-end brand,msi,257353.57,412
Budget brand,origins,485.95,12
Mid-range brand,yamaha,280557.89999999997,752
Affordable brand,jika,175.76999999999998,3
Budget brand,kenzo,5321.46,79
Affordable brand,fli,990.9899999999998,7
Budget brand,damixa,42.79,1
Affordable brand,mcculloch,253.11,1
Budget brand,niznekamsksina,1040.21,22
Budget brand,dfc,98.84,1
Budget brand,heinz,1.18,1
Budget brand,hycell,61.71,3
Budget brand,metsui,218.8,4
Budget brand,dymatize,1380.8300000000002,21
Budget brand,carpet,12.01,1
Mid-range brand,al-ko,3015.9400000000005,8
Budget brand,yegam,7.359999999999999,2
Budget brand,rosmen,12.12,1
Budget brand,neposeda,428.9100000000001,17
Budget brand,homage,568.87,7
Budget brand,metrot,143.76,3
Budget brand,handwers,41.16,1
Affordable brand,adriatica,4994.22,29
Budget brand,eurolux,24027.39,284
Affordable brand,florentina,812.1099999999999,5
Budget brand,polistil,82.34,1
Affordable brand,rebus,9804.4,54
Mid-range brand,franke,2779.92,13
Budget brand,dam,1118.55,18
Affordable brand,birusa,5886.14,23
Budget brand,antika,695.8399999999999,8
Affordable brand,anahickmann,151.61,1
Budget brand,tognana,458.7,8
Budget brand,wincars,397.76000000000005,5
Budget brand,erismann,15.57,1
Budget brand,kronospan,793.5100000000002,52
Affordable brand,bambini,1251.2800000000002,12
High-end brand,mapex,5432.94,8
Budget brand,merealni,78.0,2
Affordable brand,ride,6099.77,23
Budget brand,kicx,30896.519999999997,358
Mid-range brand,kelly,1884.44,5
Mid-range brand,makita,106959.69,370
Budget brand,joyroom,121.48999999999998,9
Budget brand,whitewave,139.09,2
Affordable brand,chairman,1678.05,6
Budget brand,saferich,2131.6,39
Affordable brand,tomford,2052.5299999999997,32
High-end brand,medeli,5230.490000000001,18
Budget brand,teamgroup,444.37,11
Budget brand,hobbyworld,119.8,3
Budget brand,halei,351.3299999999999,21
Budget brand,petitfee,40.650000000000006,3
Mid-range brand,danke,18135.940000000006,55
Affordable brand,joie,63818.780000000006,400
Budget brand,freeway,101.92,4
Budget brand,id-cooling,1589.6799999999998,48
Affordable brand,belecoo,88921.39000000001,745
Budget brand,sinbo,630.6199999999999,22
Budget brand,bio-tekstil,31.94,1
High-end brand,seiko,3734.9799999999996,6
Budget brand,llocker,27.8,1
Affordable brand,pika,101.44,1
High-end brand,alser,16246.84,24
Mid-range brand,mebelazii,3289.4799999999996,10
Budget brand,mustela,61.900000000000006,4
Budget brand,steppuzzle,1180.7399999999998,33
Affordable brand,kawasaki,823.5500000000001,8
Affordable brand,playme,9537.310000000001,61
Budget brand,grape,1189.26,28
Affordable brand,brahner,556.02,6
Affordable brand,boss,298.59,1
Budget brand,madina,285.74,6
Budget brand,traxxas,332.56,4
Budget brand,kehan,84.94,1
Affordable brand,cezaris,172.18,1
Budget brand,phantom,832.5200000000004,52
Affordable brand,work,109.5,2
Budget brand,energizer,2610.4,28
High-end brand,netechnics,55065.200000000004,67
Budget brand,zeetex,1002.32,18
Affordable brand,reima,3422.920000000001,23
Affordable brand,hangover,3890.1099999999997,17
Budget brand,monkey,82.38,2
Mid-range brand,adamex,13758.400000000001,34
Budget brand,lanvin,36295.450000000004,859
Affordable brand,romanson,4441.919999999999,36
Budget brand,rooman,13042.729999999994,219
Budget brand,nestogen,518.65,72
High-end brand,mima,1902.75,5
Budget brand,newbright,41.16,1
Budget brand,startul,779.0600000000001,16
Budget brand,ecocool,9678.110000000002,105
Budget brand,audac,100.39,1
Affordable brand,doupro,288.3,1
Mid-range brand,fly,60171.74,279
Budget brand,sordiant,5323.699999999999,99
Budget brand,easycamp,29.09,1
Budget brand,alaskaoriginale,21.88,1
High-end brand,giornonotte,16937.16,25
Budget brand,dub,20.46,3
High-end brand,fitlux,33789.0,29
High-end brand,tako,1055.36,2
Affordable brand,starline,387626.1699999999,2731
Budget brand,maxi,122.52,4
Mid-range brand,wethepeople,851.5,2
Budget brand,algotherm,35.52,1
Affordable brand,kartal,18416.840000000004,90
High-end brand,dsland,6225.700000000001,11
Affordable brand,aeolus,2703.71,12
Budget brand,ty,75.82999999999998,12
Budget brand,farmstay,91.38000000000001,8
Affordable brand,ara,1745.1600000000003,12
Budget brand,stealth,127.68,2
Budget brand,prosperplast,35.339999999999996,3
Budget brand,akel,139.0,2
Mid-range brand,schaublorenz,10789.84,26
High-end brand,kuppersberg,1598.3700000000001,3
Affordable brand,rockdale,2702.7499999999995,25
Budget brand,comforser,44925.6,818
Budget brand,ipower,32.769999999999996,7
Mid-range brand,lemaks,3423.0,11
Affordable brand,ogreen,2239.7200000000003,12
Budget brand,nivea,142.89,38
Mid-range brand,alexika,412.37,1
Budget brand,victorinox,463.61,15
Affordable brand,firestone,38986.06999999999,116
Budget brand,instyle,4.89,1
High-end brand,weekend,12463.630000000001,18
Affordable brand,x-foot,527.7,5
Budget brand,ovation,10428.440000000002,205
Affordable brand,bresser,1472.35,5
Affordable brand,nike,41482.009999999995,394
Budget brand,nirmal,6.7,2
Budget brand,cantra,24407.809999999998,276
Budget brand,keenway,28.19,1
Budget brand,kovea,277.91,4
Affordable brand,husky,247.11,1
Affordable brand,konlega,1439.44,8
Affordable brand,sjcam,6587.22,49
Budget brand,drjart,2353.3399999999997,93
Budget brand,mexx,417.35999999999996,17
Budget brand,avtotent,64.35,1
Budget brand,hifly,21185.239999999994,400
Affordable brand,domani-spa,1394.37,4
Mid-range brand,noktamakro,3350.9100000000003,11
Budget brand,hasbro,4213.71,106
Budget brand,bayerlux,41.16,1
Affordable brand,adamas,7761.500000000001,49
Affordable brand,rode,921.52,5
Budget brand,flexter,280.57,3
Affordable brand,ryobi,7009.159999999999,42
Mid-range brand,umi,69676.47,146
Affordable brand,labo,77.22,1
Mid-range brand,anreks,128.68,1
Affordable brand,textura,373.84000000000003,4
Budget brand,federal,64.35,1
Affordable brand,kale,266.54999999999995,3
Budget brand,rastar,3433.71,118
Budget brand,pintinox,150.84,3
Budget brand,qazaqkhan,205.4,4
Budget brand,pccooler,268.57,15
Affordable brand,dexp,2326.82,15
Budget brand,foligain,28.19,1
Budget brand,altenzo,2678.8199999999993,31
Budget brand,maisto,73.27000000000001,3
Mid-range brand,epiphone,731.04,2
Mid-range brand,hotmom,3662.6,9
Mid-range brand,olsa,1687.65,4
Affordable brand,phillips,779.3100000000001,5
Budget brand,walfix,277.97,15
Affordable brand,tomahawk,5354.22,53
Affordable brand,granhel,55129.74,542
Affordable brand,merkurij,1228.97,6
Affordable brand,vasden,51.48,1
Budget brand,greenway,516.0100000000001,8
Affordable brand,hermes,1107.6100000000001,7
High-end brand,mido,2244.58,3
Affordable brand,fila,17129.079999999998,149
Budget brand,hoco,4234.4,231
Budget brand,hola,28.31,1
Budget brand,eneos,47.88,2
Budget brand,baldessarini,293.26,5
Budget brand,viviennesabo,249.38999999999996,65
Budget brand,terris,1128.75,32
Budget brand,sparta,1645.03,52
Budget brand,welly,724.4800000000004,94
Affordable brand,flama,30293.73,194
Affordable brand,grillver,466.18,4
Affordable brand,pt-group,23977.880000000005,113
Affordable brand,stendmebel,25987.989999999994,153
Budget brand,lamarkahome,36.46,1
Budget brand,onkron,219.84999999999997,12
Mid-range brand,bissell,4022.5,11
High-end brand,hobot,1672.9099999999999,3
Affordable brand,leadbros,47205.06,208
Mid-range brand,schecter,1579.6000000000001,4
Affordable brand,nikotex,809.0600000000001,7
Affordable brand,triumphnord,875.0799999999999,4
Budget brand,kingslong,274.13,7
Budget brand,nexen,53804.94999999999,755
High-end brand,mebberi,5253.509999999999,6
Affordable brand,dizel,2951.1099999999997,25
Budget brand,exclusive,360.36,7
Affordable brand,zotac,1906.1399999999999,7
Mid-range brand,joieanglia,372.98,1
Budget brand,saturn,9523.13,312
Affordable brand,boccia,15026.589999999997,123
Mid-range brand,apache,2257.56,8
Mid-range brand,dowontec,1235.5500000000002,3
Mid-range brand,moon,4106.26,10
Affordable brand,appollo,8525.210000000001,84
Affordable brand,gskill,1340.8599999999997,11
Budget brand,metoyou,19.32,3
Budget brand,seagate,13560.06,184
Mid-range brand,hanma,689.86,2
Budget brand,trust,8443.21,195
Budget brand,caramelia,3928.609999999999,117
Budget brand,meguin,14.72,2
Budget brand,bars,68779.07,1107
Mid-range brand,housefit,52155.079999999994,156
Mid-range brand,redbo,1725.15,10
Budget brand,stl,20.34,2
Affordable brand,pangao,683.0699999999999,6
Budget brand,koss,57.59,4
Affordable brand,hightechway,329.5,2
Mid-range brand,dynastar,342.09,1
Affordable brand,versace,81352.01999999997,876
Affordable brand,kaemingkbv,305.85999999999996,4
Affordable brand,byintek,1110.33,6
Budget brand,likebook,6.02,1
Budget brand,plextor,2009.97,26
Affordable brand,smartrike,2229.67,15
Affordable brand,ant,756.78,3
Affordable brand,jeep,862.05,6
Budget brand,bona,76.62,1
Budget brand,titan,3987.78,39
Budget brand,teknum,5175.919999999999,68
Mid-range brand,sv,345037.41,1397
Affordable brand,quechua,1093.96,11
Budget brand,belashoff,1085.71,30
Budget brand,maxxis,116352.43999999999,1575
Budget brand,cellucor,112.88000000000001,3
Budget brand,jomalone,231.66,9
Budget brand,rowenta,116341.49000000002,2064
Budget brand,tecno,9157.600000000002,86
Budget brand,acm,310.41,9
Budget brand,kapsen,81217.08,1653
Affordable brand,lux,7065.180000000001,59
Budget brand,remix,151.94,2
Budget brand,iwalk,1006.4499999999999,55
Mid-range brand,fagor,383.97,1
Budget brand,drsea,62.55,5
High-end brand,synology,355.99,1
Budget brand,concept,57.92,5
Mid-range brand,fubag,13185.79,33
Budget brand,roxykids,68.96,1
Budget brand,takeit,168.31,10
Budget brand,zimakrasavica,93.88,6
Affordable brand,edge,17955.92,132
Mid-range brand,broomer,828.86,2
Mid-range brand,powcan,9202.349999999999,30
Affordable brand,altair,355.22,3
Budget brand,reluce,28.21,2
Budget brand,etalon,44.53,1
Mid-range brand,smoby,808.0699999999999,2
Affordable brand,incanto,41202.09000000002,261
Mid-range brand,amos,1145.01,4
Budget brand,mhp,76.96,2
Affordable brand,braun,239280.31000000003,2491
Mid-range brand,blaupunkt,19184.789999999997,54
Mid-range brand,holicy,3955.0899999999992,11
Budget brand,academie,8.72,1
Affordable brand,rokids,674.1400000000001,5
Affordable brand,elan,10392.52,36
Budget brand,silverlit,1722.0600000000002,40
Affordable brand,pro-karaoke,1055.3700000000001,5
Mid-range brand,quinny,2889.92,8
Budget brand,ventura,59.01,2
Affordable brand,element,81384.62000000001,649
High-end brand,dji,117026.96999999997,149
Budget brand,danielklein,4737.78,122
Budget brand,boyscout,207.25000000000003,30
Budget brand,natrol,532.0299999999999,42
Budget brand,galanz,5475.339999999998,86
Affordable brand,axis,13688.419999999998,98
Budget brand,aplus,6999.349999999999,153
Affordable brand,motorola,3649.8500000000004,33
Budget brand,yoshioki,74.16,6
Affordable brand,gabor,683.1400000000001,6
Budget brand,maxfactor,7.18,1
Affordable brand,chanel,70916.92000000001,436
Budget brand,ecotex,1427.8600000000004,54
Budget brand,playgro,11.66,2
Budget brand,lubereckiekovry,45.16,1
Budget brand,promozer,226.50000000000003,10
Budget brand,humana,62.89,8
Budget brand,motul,760.6199999999999,19
Budget brand,vitaluce,447.49,14
Budget brand,sibirskietovary,60.66,1
Budget brand,spur,258.95,8
High-end brand,humminbird,581.74,1
Affordable brand,prology,1498.5299999999997,12
Budget brand,smashbox,1575.19,39
Budget brand,starway,259.15999999999997,19
Affordable brand,lemark,4459.13,44
Mid-range brand,kipardo,51739.32,137
Budget brand,scovo,1651.1899999999998,55
Affordable brand,eviza,1071.35,6
Affordable brand,arena,106.82,5
Affordable brand,romer,145.43,1
Budget brand,poopsie,931.6999999999999,11
Budget brand,blueseven,411.86,8
Budget brand,kx,1314.5200000000004,37
Affordable brand,cersanit,10860.0,98
Budget brand,europrint,143.5,15
Budget brand,miolla,92.12,1
Budget brand,qnt,9.27,3
Budget brand,s.a.n.,849.8599999999999,27
Affordable brand,daneildesch,12046.379999999996,87
Affordable brand,almada,12996.500000000002,78
Affordable brand,toway,8647.320000000002,33
Budget brand,marcotozzipremio,71.82,1
High-end brand,korg,5642.86,8
Budget brand,stanley,8019.569999999999,148
High-end brand,gretsch,1434.27,3
Affordable brand,guerlain,7113.120000000001,66
Budget brand,maja,58.17,1
Affordable brand,ariete,2873.92,10
Affordable brand,hauck,573.5,2
Budget brand,ves,60.26,3
Affordable brand,deta,7175.07,60
Budget brand,haeger,61.769999999999996,3
Budget brand,kambrook,81.82,2
Mid-range brand,peavey,13429.59,37
Budget brand,daiwerina,77.2,5
High-end brand,neumann,1368.09,1
High-end brand,rado,18996.6,10
Affordable brand,zemex,695.0199999999999,8
Affordable brand,byredo,3345.56,14
Budget brand,adelline,67.44999999999999,8
Budget brand,sonyinteractiveentertainment,3125.37,48
Budget brand,avene,765.5299999999999,40
Mid-range brand,orium,6126.78,19
Budget brand,microlab,19297.390000000003,345
Budget brand,softoy,49.43,4
Budget brand,minimen,83.91999999999999,2
Affordable brand,rovigo,566.3,5
High-end brand,krk,3264.21,9
Budget brand,zelmer,5049.76,73
Budget brand,kapika,4179.36,61
High-end brand,tissot,118510.90999999999,257
Affordable brand,longstyle,2061.81,9
Affordable brand,gorizont,133.05,1
Budget brand,hatchimals,243.47,3
Budget brand,gigazone,15.36,2
Budget brand,avs,1578.3200000000004,24
Budget brand,sksportivnaakollekcia,729.72,20
Budget brand,serebro,372.26000000000005,47
Affordable brand,battipav,3563.439999999999,15
Budget brand,vichy,2862.8599999999997,118
Budget brand,prajm-evroznak,9.86,1
Affordable brand,mio,1590.7799999999997,10
Budget brand,ekel,13.26,2
Budget brand,csmedica,157.05,5
Mid-range brand,htl,360.37,1
Mid-range brand,universal,346.84,1
Budget brand,x-game,3639.71,199
Affordable brand,beats,9900.170000000002,43
Budget brand,idealspaten,11.61,1
Affordable brand,bugatti,434.51,3
Affordable brand,wingo,1946.04,10
Mid-range brand,fornelli,3558.6300000000006,12
Budget brand,homy,305.80000000000007,11
Affordable brand,hanowa,4164.83,23
Mid-range brand,advan,2162.24,8
Budget brand,transcend,50977.95,1022
Budget brand,carhome,492.71000000000015,29
Mid-range brand,falmec,826.38,2
Budget brand,pequetren,154.39,2
Budget brand,era,84.0,6
Budget brand,eco,43.66,4
Affordable brand,prada,3022.6800000000007,34
Budget brand,rimmellondon,7.52,2
Affordable brand,carrera,254.58,1
Budget brand,make-upatelier,101.42,2
Affordable brand,mercedesbenz,579.15,5
Budget brand,hyperx,23350.530000000002,295
Budget brand,framesi,48.39,2
Affordable brand,alcasta,1694.76,8
Budget brand,selective,266.15000000000003,7
Budget brand,verossa,934.4199999999998,22
Budget brand,spinmop,461.52,23
Budget brand,syntrax,64.09,2
Affordable brand,singer,3412.86,18
Mid-range brand,am.pm,1151.38,5
High-end brand,kettler,4162.24,4
Budget brand,whistler,253.29999999999998,5
Budget brand,flormar,21.23,4
Affordable brand,cavaletto,3045.14,14
Budget brand,tenda,217.05999999999997,6
High-end brand,evga,604.65,1
Affordable brand,kirovit,93.43,1
Budget brand,moony,827.38,44
Affordable brand,foxconn,172.85,1
Affordable brand,diamondunion,24353.280000000002,138
Budget brand,visage,77.22,2
Affordable brand,greta,6363.84,41
Budget brand,rivacase,1164.1299999999999,36
Budget brand,regatta,14.93,1
Budget brand,comfortzone,7.08,1
Budget brand,calve,146.72999999999996,10
Budget brand,millionaire,9262.090000000004,121
Mid-range brand,belux,464.36,2
Budget brand,orico,276.09,12
Budget brand,cnd,940.5699999999999,10
Affordable brand,gerbor,452.0,3
Budget brand,metalions,67.71,1
Budget brand,babyono,129.12,4
Mid-range brand,kugoo,24410.399999999994,55
Affordable brand,alexandre.j,600.1,5
Mid-range brand,ezetil,2244.3599999999997,9
Budget brand,nakamichi,6784.110000000001,81
Budget brand,kuttenkeuler,381.46999999999997,13
Budget brand,aquatic,27.54,2
Budget brand,maxcolor,77.22,1
Affordable brand,remain,5347.35,23
Affordable brand,sea-doo,613.88,4
Budget brand,westa,4465.770000000001,64
Budget brand,conceptclub,9771.959999999997,285
Budget brand,colorfix,56.42,5
Budget brand,ivt,1052.29,27
Budget brand,elizavecca,501.7500000000001,38
Affordable brand,hertz,11308.099999999999,102
Budget brand,energenie,17.99,1
Budget brand,kovroff,47.91,7
Mid-range brand,orto-bed,7475.369999999999,25
High-end brand,oxygen,4401.51,6
Budget brand,shenma,8069.770000000005,142
Budget brand,catunltd,275.69,4
Budget brand,jigott,9.5,2
Affordable brand,aquavis,271.91,1
Budget brand,parkmaster,2800.4800000000005,52
Affordable brand,ildi,160.1,1
Budget brand,vdovichev,5.2,1
Budget brand,elbasco,4.14,1
Budget brand,total,10623.249999999998,260
Budget brand,fissman,1871.54,18
Affordable brand,skillmax,903.52,7
Budget brand,uralsport,50.97,1
Budget brand,mitasu,679.53,27
Budget brand,sunbody,120.98,2
Budget brand,altinbasak,38.66,1
Affordable brand,levenhuk,2822.94,44
Budget brand,tyr,64.35,1
Budget brand,kumano,21.5,3
High-end brand,cube,5035.65,7
Budget brand,zaharov,7.23,1
Budget brand,crown,52218.57000000001,961
Budget brand,sega,465.65999999999997,9
Affordable brand,nubia,1311.03,9
High-end brand,mebberykz,1281.83,2
Budget brand,telefunken,97.8,4
Affordable brand,spinmaster,417.0,3
Budget brand,theshinestonetrade,13.830000000000002,3
Affordable brand,vegas,96665.64000000003,431
Budget brand,biotech,795.33,12
Budget brand,irit,22.78,2
Mid-range brand,laufen,1968.9,4
Affordable brand,glamvers,1387.42,9
High-end brand,liberty,592.04,1
Budget brand,la-di-da,38.73,1
Budget brand,crystallux,45.82,1
Affordable brand,atlantic,24612.029999999995,125
Budget brand,muqajankz,902.17,36
Budget brand,greenland,17.490000000000002,2
Affordable brand,keter,4272.3,32
Mid-range brand,stabila,173.29,1
High-end brand,defredesign,5660.12,4
Mid-range brand,miele,727.6800000000001,3
Affordable brand,indigo,461.56,11
Affordable brand,evrodetal,4556.09,21
Budget brand,tempish,314.82,7
Budget brand,redragon,3183.25,142
Affordable brand,teslastyle,578.11,4
Affordable brand,roncato,5030.76,24
Budget brand,acron,30.83,2
Budget brand,milavitsa,1353.63,50
High-end brand,junama,1415.74,2
Budget brand,trichup,11.06,2
Budget brand,luazonlighting,18.6,1
Budget brand,torso,71.48,3
Budget brand,brkpress,144.3,11
Affordable brand,trollbeads,2319.69,24
Budget brand,davidoff,385.8,10
High-end brand,google,23769.839999999997,36
Budget brand,energolux,170.09,2
Affordable brand,squier,12520.010000000002,48
Budget brand,kumho,9059.679999999997,130
Budget brand,moose,19.79,2
Budget brand,dunya,17.06,2
High-end brand,joyor,1945.9899999999998,3
Budget brand,suave,527.7,5
Budget brand,activision,1684.25,32
Affordable brand,midea,626837.9899999999,4004
Affordable brand,roadcruza,3153.2699999999995,27
Affordable brand,inspector,3271.01,19
Budget brand,ritmix,7293.439999999999,391
Affordable brand,tch,1274.9799999999998,14
Budget brand,bonita,8.88,1
Budget brand,blenderbottle,20.74,1
Mid-range brand,silhouette,385.85,1
Mid-range brand,korting,100.86,1
Budget brand,smile,4298.08,112
Affordable brand,ersport,22829.96,172
Budget brand,lbl,39.9,1
High-end brand,kef,1374.66,1
Budget brand,dagee,32.230000000000004,11
High-end brand,sports,2546.16,4
Budget brand,ansmann,482.37,22
High-end brand,hitachi,9874.189999999999,27
Budget brand,myprotein,158.51,4
Budget brand,josephjoseph,74.14,1
Budget brand,irbis,7796.99,106
Affordable brand,progress,196.21,1
Budget brand,sumdex,1730.3800000000003,73
Affordable brand,triumf,583.22,3
Budget brand,escada,1443.75,27
Budget brand,legre,19996.710000000006,243
Budget brand,nania,1913.42,30
Budget brand,prestiz,28.32,2
Budget brand,silapro,9.27,1
Budget brand,sacvoyage,156.7,2
Budget brand,akai,2540.419999999999,28
Budget brand,isntree,446.85,23
Budget brand,planetaorganica,16.23,3
Affordable brand,omoikiri,1136.27,6
Mid-range brand,manfrotto,1497.9800000000002,11
Budget brand,beyblade,289.18,5
Budget brand,yokohama,244691.75999999998,2633
Budget brand,tonybellucci,5768.530000000002,69
Budget brand,spaquatoria,97.56,2
Budget brand,drgans,671.29,11
Budget brand,kangkang,25.74,2
Budget brand,tonar,891.9499999999999,20
Mid-range brand,microsoft,118253.94999999998,335
Affordable brand,greentrees,103.37,1
Budget brand,solite,2177.6699999999996,22
Budget brand,sima-land,52.86,1
Affordable brand,thermaltake,13836.640000000001,100
Mid-range brand,mateus,1183.8,4
Affordable brand,micio,717.19,6
Affordable brand,kress,145.25,1
Affordable brand,tefal,472508.53999999986,4178
Budget brand,cortland,18646.469999999998,190
Budget brand,nascitaprofessional,178.9,5
Budget brand,hama,53.29,3
Budget brand,frozen,141.23000000000002,6
Budget brand,simba,434.12000000000006,11
Affordable brand,casper,7073.93,63
Budget brand,mirage,4849.5,56
Affordable brand,fossil,17948.09,97
Affordable brand,veritas,4438.6900000000005,29
Budget brand,roadmarch,2181.42,55
Budget brand,wenge,926.39,35
Budget brand,hankook,27324.610000000008,308
Affordable brand,simfer,6160.52,29
Budget brand,imetec,30.81,1
Affordable brand,skad,115344.12,510
Budget brand,nexpero,24539.050000000003,329
Budget brand,bela,117.0,9
Budget brand,sabyrzhanayrin,480.84,18
Budget brand,spider-man,40.03,1
Budget brand,minerva,2235.1900000000005,27
Budget brand,fivestars,713.0499999999997,30
Budget brand,greentek,79.80000000000001,6
Affordable brand,alctron,1557.0600000000002,8
Budget brand,asil,35.52,2
Budget brand,bohemian,90.35,1
Budget brand,spiegelau,73.34,1
Affordable brand,jetpik,2539.8300000000004,20
Budget brand,unit,3066.02,85
Budget brand,powerman,92.77000000000001,2
Budget brand,alerana,46.86,5
Budget brand,mitre,90.1,2
Budget brand,tamish,97.30000000000001,9
Affordable brand,mbs,2486.78,24
Affordable brand,merelani,13376.369999999999,151
Mid-range brand,dcshoes,4543.76,12
Affordable brand,kraftool,154.44,1
Budget brand,trebl,15581.72,204
Budget brand,walkmaxx,1095.9,24
Mid-range brand,rimax,5151.23,15
Mid-range brand,sunday,535.4,2
Budget brand,selby,7303.089999999997,172
Budget brand,sarabella,28.58,1
Mid-range brand,thule,9724.59,36
Budget brand,loreal,25.78,5
Budget brand,ramili,413.36,10
Affordable brand,naomi,380.89,3
Budget brand,sulu,3320.459999999999,39
Budget brand,scivation,133.32,4
Budget brand,max,1669.86,29
Affordable brand,ching-ching,1225.43,10
Budget brand,babygo,254.82,3
Mid-range brand,stihl,49645.240000000005,181
Budget brand,lol,595.47,7
Budget brand,wster,1041.6399999999999,29
Budget brand,mebelgrad,1417.5200000000004,29
Budget brand,screecherswild,24.43,1
Budget brand,holder,837.7499999999998,37
Budget brand,panouge,1029.6399999999999,11
High-end brand,orla,2139.06,3
Budget brand,clever,27.57,6
Budget brand,magellan,117.39999999999999,10
Budget brand,mutant,6338.04,141
Mid-range brand,bumbleride,3039.5499999999997,9
Budget brand,kormoran,18474.60000000001,305
Budget brand,swissline,150.19,6
Budget brand,navitel,10671.67,109
Budget brand,huile,278.89,15
High-end brand,nux,720.74,1
Budget brand,norplast,64.36,2
Budget brand,zinc,34.18,2
Budget brand,marshal,378.39,6
Budget brand,intex,16638.49,361
Mid-range brand,char-broil,275.43,1
Budget brand,nutrilon,1619.0199999999998,131
Mid-range brand,ikkm,797.96,2
Mid-range brand,haier,1110829.04,3847
High-end brand,casada,83644.75999999998,139
Budget brand,arrivo,546.72,6
High-end brand,senci,3988.48,3
Affordable brand,cameo,256.62,1
High-end brand,hygge,62068.73999999999,97
Affordable brand,darina,29393.389999999996,173
Mid-range brand,pdw,1878.56,5
Budget brand,anon,1460.49,14
Budget brand,pnb,248.98000000000002,44
Budget brand,ga-de,481.26000000000005,30
Budget brand,first,657.62,22
Affordable brand,tcl,338507.6899999999,1357
Budget brand,davinci,252.27999999999997,7
Affordable brand,basaran,25.74,1
High-end brand,alkor,91275.94000000005,240
Budget brand,palmers,162.87,19
Budget brand,stels,270098.5899999999,2768
Budget brand,trussardi,2134.53,39
High-end brand,daewoo,42914.030000000006,70
Affordable brand,cort,22665.960000000003,95
Budget brand,tutu,5.02,1
Budget brand,rockstargames,915.8000000000001,22
Budget brand,vtech,64.35,1
Budget brand,nillkin,68.83,10
Budget brand,estrade,15.44,3
Affordable brand,velvet,7966.6900000000005,61
Budget brand,hellomaggie,138.8,2
Budget brand,bmw,4187.829999999999,51
High-end brand,krups,3929.34,8
Budget brand,cacharel,1060.21,24
Budget brand,kirkland,998.6700000000001,37
Budget brand,orange,400.16,40
Affordable brand,carver,3900.7,24
Budget brand,fit-rx,37.84,2
Affordable brand,armani,46932.26,163
High-end brand,viking,1721.28,4
Affordable brand,chicco,37046.00999999999,330
Affordable brand,forward,2284.08,26
Budget brand,targus,42.76,1
Budget brand,houseofseasons,257.3,17
Budget brand,verloni,1370.0200000000002,32
Budget brand,yvesrocher,30.07,2
Budget brand,grow-with-me,4274.35,119
Budget brand,mammut,872.7399999999999,19
Budget brand,hap-p-kid,109.22999999999999,4
Budget brand,jinga,2751.1800000000003,133
Affordable brand,sisley,406.18,2
Affordable brand,nz,955.49,5
Budget brand,farroad,13675.579999999996,236
Affordable brand,vaude,257.15,1
Budget brand,roadstone,17621.87,264
Budget brand,secretkey,9.01,1
Budget brand,fassen,19996.180000000008,418
High-end brand,russia,1605.96,1
Mid-range brand,redpower,424.72,1
Affordable brand,morel,1598.5,17
High-end brand,ninebot,6049.080000000001,11
Budget brand,albertocasiano,888.0600000000001,16
Budget brand,akro,72.85,1
Budget brand,esthetichouse,68.48,9
Affordable brand,thermex,32655.65,316
Budget brand,basik,283.09999999999997,14
Affordable brand,brw,293111.54000000004,1262
High-end brand,protherm,1029.12,2
Budget brand,gionee,880.5999999999999,9
Budget brand,glamglow,1377.51,38
Budget brand,crome,5.47,1
Budget brand,haday,942.76,37
Budget brand,lorelli-bertoni,3980.35,54
Budget brand,jarko,29.82,1
Affordable brand,maribel,6320.43,54
Budget brand,fabretti,1002.03,47
Mid-range brand,vestel,23973.780000000002,80
Affordable brand,homeelement,153.65,1
Affordable brand,neoline,69414.67000000001,433
Mid-range brand,winca,5377.21,18
Affordable brand,rusgoldart,61179.75000000001,251
Budget brand,scoole,99.53,4
Budget brand,marmiton,29.509999999999998,4
Budget brand,dwt,15783.710000000001,191
Budget brand,azbukvarik,18.0,3
Budget brand,julbo,210.31,3
Budget brand,cenmax,6034.019999999999,86
Affordable brand,constancy,263.84,1
Budget brand,infinitynado,125.1,2
Affordable brand,blanco,92.41,1
Budget brand,luxell,2893.4300000000003,42
Affordable brand,nobu,283.15,1
Budget brand,granicom,358.30999999999995,6
Affordable brand,yamaguchi,430.51,5
Budget brand,salmo,230.35000000000002,17
Budget brand,nutrend,115.44,7
Budget brand,sufix,10.17,1
High-end brand,shua,4015.55,3
Mid-range brand,coccinelle,4404.61,10
Affordable brand,orivel,141.66,1
Budget brand,habilead,20085.070000000003,352
Budget brand,marley,473.15999999999997,9
Budget brand,turboair,5162.6,106
Budget brand,jb,24.9,3
Affordable brand,murager,2033.5,16
Affordable brand,fisher,4324.96,16
Budget brand,denn,6435.839999999999,167
Affordable brand,mercedes,8752.050000000001,38
Budget brand,bartek,5275.6,67
Budget brand,winda,95.03,1
Budget brand,g-cube,72.14,4
Affordable brand,elf,897.4199999999998,10
Budget brand,pisen,16.87,1
Budget brand,babylisspro,2320.63,35
Budget brand,belkin,17.99,1
Budget brand,vladi,473.65,13
Affordable brand,erlit,68149.45,213
Budget brand,fujida,1713.48,20
Affordable brand,gardena,1203.78,3
Budget brand,gornica,43.75,1
Budget brand,arkadia,40.67,1
Budget brand,budibasa,12.41,1
Budget brand,naughtydog,206.85999999999999,13
Affordable brand,nzxt,1800.0899999999997,11
Affordable brand,solomon,4095.09,12
Budget brand,dearest,694.9499999999999,15
Budget brand,lego,21167.249999999996,330
Budget brand,hammer,50.96,1
Affordable brand,kitfort,65362.05,595
Affordable brand,babyzz,452.0,3
Budget brand,hubeiindustrialaimiletrading,350.08,4
Mid-range brand,volkl,3240.99,9
Budget brand,tima,129.83,6
Affordable brand,indesit,1306939.3299999998,5187
Affordable brand,brother,36623.47000000001,223
High-end brand,babyzen,43862.360000000015,85
Budget brand,graffitisound,208.5,3
Affordable brand,qiangchi,2807.53,21
Budget brand,joko,22.939999999999998,2
Budget brand,gezatone,2702.099999999999,49
Budget brand,rempire,169.88,2
Budget brand,larocheposay,8.31,1
Budget brand,sandisk,881.25,31
Affordable brand,dsquared,890.12,4
Budget brand,ripol,10.31,1
Budget brand,coolfort,380.84000000000003,5
Mid-range brand,schwinn,3003.96,6
Mid-range brand,legeartis,2259.3199999999997,6
Budget brand,manhattan,35.43,4
Budget brand,genesis,25560.300000000003,515
Mid-range brand,volcano,1502.1999999999998,3
Budget brand,embryolisse,410.95,14
Budget brand,polaris,168467.52000000002,3545
Budget brand,beyonce,25.48,1
Affordable brand,delsey,3290.67,32
Budget brand,taxi,400.03,6
Budget brand,glanzen,4.09,1
Budget brand,tigar,31723.660000000003,446
Affordable brand,ferrari,1202.12,8
Budget brand,kapous,29.990000000000002,6
Affordable brand,holiday,1059.92,11
Budget brand,nutrex,1102.27,40
Budget brand,peak,788.8899999999999,7
Affordable brand,electronicsdeluxe,1247.27,7
Affordable brand,tuffoni,1383.56,8
Affordable brand,gladen,296.01,2
Affordable brand,diamant,12357.319999999996,81
Budget brand,derevaski,5.78,1
Budget brand,usams,2816.3199999999993,60
Budget brand,vihr,4913.380000000001,134
Affordable brand,edifier,2049.43,21
Budget brand,escan,3590.249999999999,86
Affordable brand,yacco,442.2199999999999,14
High-end brand,leica,876.39,4
Budget brand,ag,187.9,2
Budget brand,lamelprofessional,11.82,2
Budget brand,qazprotein,83.02000000000001,5
Budget brand,acqua,8.879999999999999,3
Affordable brand,hyundai,18513.25,203
High-end brand,skyworth,35372.229999999996,58
Budget brand,freya,62.96,2
Budget brand,loctek,42.81,3
Budget brand,arktika,117.91,4
Affordable brand,harleybaby,267.45,1
Budget brand,uvelirnyetradicii,64.86,2
Budget brand,novatex,949.1999999999999,11
Affordable brand,ingersoll,112.23,1
Mid-range brand,gainward,953.58,3
Affordable brand,cyberpower,615.02,5
Budget brand,mefro,82.37,1
High-end brand,meade,1879.78,14
Budget brand,kursiv,9.01,1
Affordable brand,force,222173.1499999999,1462
Budget brand,domasnijocag,313.14000000000004,16
Budget brand,tuncmatik,74.59,2
Budget brand,revuele,4.12,1
Affordable brand,jordan,5183.42,42
Mid-range brand,grohe,6491.46,43
Budget brand,tp-link,87312.12999999998,1155
Budget brand,ibox,39224.240000000005,455
Affordable brand,gamdias,229.89,4
Budget brand,avatar,4896.36,63
Budget brand,rextor,783.23,16
Affordable brand,maxi-cosi,655.07,4
Budget brand,helios,337.78999999999996,12
Budget brand,ugreen,121.87999999999998,13
Budget brand,rotor,515.3199999999999,8
Affordable brand,rivertoys,51786.639999999985,325
Budget brand,plantronics,10133.990000000002,206
Budget brand,hyper,162.18,3
Affordable brand,bfgoodrich,25992.050000000003,255
Budget brand,kerastase,260.2,4
Affordable brand,romana,15035.059999999996,92
Budget brand,aston,23.75,2
Budget brand,biotherm,113.35,3
Mid-range brand,inglesina,2369.42,6
Mid-range brand,palit,78252.20000000001,312
Budget brand,modern,1719.3599999999992,61
Affordable brand,versale,12007.909999999996,81
Affordable brand,konov,365.51,2
Affordable brand,domini,30234.769999999997,183
Affordable brand,buggy,9416.58,51
Affordable brand,akg,2971.97,16
Budget brand,alphard,13549.719999999998,149
Budget brand,zanry,7.36,1
Budget brand,wiseson,61.01,1
Budget brand,plitex,847.92,21
Budget brand,musclepharm,439.78,5
Budget brand,tesler,153.92,2
Budget brand,bbk,2190.32,51
Budget brand,wuw,72.63,9
Budget brand,elite,76.21000000000001,13
Affordable brand,imx,6778.26,25
Budget brand,bro,323.18,5
Budget brand,lioele,12.9,1
Affordable brand,stiga,3191.09,38
Budget brand,plamers,4.73,1
Budget brand,floresan,34.72,10
Budget brand,boucheron,204.68,5
Budget brand,kolner,4908.1,128
Affordable brand,stinger,408.76,3
Mid-range brand,blackberry,8600.92,26
Budget brand,sava,18516.27,182
Budget brand,wonlex,12545.59,354
Affordable brand,artway,429.85999999999996,4
Budget brand,eurol,144.14,4
Affordable brand,deeper,9506.420000000002,27
Budget brand,maytoni,333.55999999999995,4
Budget brand,landsail,46.08,1
Budget brand,elegant,47.620000000000005,4
Mid-range brand,emer,797.96,2
Budget brand,sms,329.2800000000001,32
Budget brand,kingtony,881.88,14
Affordable brand,quatro,1585.64,7
Budget brand,mstar,16.74,1
Mid-range brand,remo,732.0699999999999,2
Affordable brand,pensofal,387.66,2
Budget brand,alligator,579.1500000000001,15
Budget brand,siger,1559.4299999999998,17
Affordable brand,mrm-power,194.69,1
Affordable brand,osman,3282.9500000000003,15
Mid-range brand,startline,7461.920000000002,24
Budget brand,nan,950.71,89
Budget brand,merry,57.93,2
Budget brand,momert,135.14,3
Mid-range brand,egreat,375.39,1
Mid-range brand,blackvue,3838.5899999999997,10
Budget brand,veho,182.57,8
Affordable brand,phoenix,17907.109999999997,112
High-end brand,rcf,574.47,2
Budget brand,voyager,72.08,2
Budget brand,bethesda,547.3800000000001,22
Affordable brand,polti,344.12,2
Budget brand,flight,7669.050000000001,100
Budget brand,coty,1217.6100000000004,83
High-end brand,family,1055.34,1
High-end brand,laurastar,29255.38,21
Budget brand,nanga,33.46,1
Budget brand,lorus,284.44,4
Budget brand,waspo,82.38,2
Budget brand,ditreex,42.73,1
Affordable brand,groundzero,265.13,1
Budget brand,luxvisage,60.37,18
Affordable brand,touchbeauty,388.27,8
Mid-range brand,yamato,1435.31,4
Budget brand,fendi,184.1,4
Budget brand,enlightenbrick,2.91,3
Budget brand,bambola,5524.25,114
Budget brand,on,818.0,11
Budget brand,jabra,2014.8000000000004,44
Affordable brand,sjrc,4700.549999999999,16
Budget brand,wonderlab,44.99000000000001,3
Affordable brand,edcon,247.11,3
Affordable brand,edelform,115.66,1
Mid-range brand,quiksilver,1792.3100000000002,5
High-end brand,peda,48278.94,28
Affordable brand,stonelock,679.54,4
Budget brand,compliment,3.6,2
Mid-range brand,milano,966.07,5
Affordable brand,denzel,27017.700000000004,108
High-end brand,vard,669.26,1
Budget brand,erichkrause,29.79,3
High-end brand,smart,54534.07000000001,88
Budget brand,huggies,5566.9000000000015,444
Affordable brand,nacon,115.83,1
Mid-range brand,imperial,123925.12000000001,247
Mid-range brand,roca,389.28,3
Affordable brand,fujifilm,10352.899999999996,93
Budget brand,rainbo,2594.0099999999993,29
Budget brand,chameleon,497.58,12
Budget brand,lorealparis,52.86,5
High-end brand,bellamebel,14429.259999999998,14
Budget brand,crucial,5569.349999999999,91
Affordable brand,fresh,110.66,1
Affordable brand,andeks,2007.4799999999998,12
Budget brand,rosa,2538.7799999999993,41
Budget brand,forcekraft,1325.9,15
Affordable brand,omnimount,136.35,3
Affordable brand,phanteks,202.29000000000002,3
Affordable brand,parklon,128.68,1
Affordable brand,meizu,271813.99,2147
Budget brand,hottek,17.47,1
Budget brand,neoclassic,43.71,5
Affordable brand,forza,570.35,6
Budget brand,rheinberger,35.78,1
Budget brand,avel,1136.42,15
Affordable brand,lucente,3527545.5700000003,14559
Budget brand,stern,21.6,1
Budget brand,enough,207.57999999999996,32
Affordable brand,roxy,1397.33,9
Budget brand,sonny,113.26,2
Budget brand,miraculous,33.129999999999995,2
Affordable brand,leatherman,2258.5600000000004,21
High-end brand,turbosound,5050.31,5
Budget brand,aardwolf,219.10000000000002,7
Affordable brand,hq,61.72,2
Budget brand,purederm,44.449999999999996,12
Budget brand,vt,492.2800000000001,19
Budget brand,mz,61.73,2
Affordable brand,harley-davidson,3466.73,19
High-end brand,hisense,42280.14999999999,61
Budget brand,atelier,91.38,2
Budget brand,melissadoug,47.599999999999994,2
Affordable brand,aces,86.49,1
High-end brand,realflame,488.82,1
Budget brand,goodloot,648.97,51
Budget brand,berghoff,10580.99,124
Affordable brand,millet,82.11,1
Budget brand,maxtrek,7943.919999999997,115
Budget brand,line,675.64,10
Affordable brand,carcam,519.49,2
Budget brand,ivaru,166.6,2
Affordable brand,amefa,912.88,7
Budget brand,nutricia,546.63,70
Affordable brand,hayali,934.38,12
Budget brand,decoroom,4903.979999999999,166
Affordable brand,ballistix,165.0,2
Budget brand,dirkje,377.34000000000003,10
Affordable brand,stagg,20505.340000000004,183
Affordable brand,otex,1321.2700000000002,6
Affordable brand,comfee,3285.3300000000004,29
Affordable brand,rika,692.1600000000001,5
High-end brand,louiserard,3315.4,2
Budget brand,temp,92.72,1
Affordable brand,sennheiser,6024.95,61
Affordable brand,pandect,2485.42,8
Affordable brand,etor,27007.24,234
Affordable brand,shaik,3558.9300000000003,14
Budget brand,maxler,3150.18,119
High-end brand,otan,6473.77,12
Affordable brand,dremel,1919.6400000000003,13
Budget brand,sirius,65.65,5
Budget brand,manuoki,272.44,20
Budget brand,tobot,165.38,4
Budget brand,imax,64.35,1
Mid-range brand,gt,1435.8200000000002,2
Budget brand,rochas,827.0799999999999,13
Affordable brand,powercolor,10782.650000000001,54
Affordable brand,ecosoft,378.39,2
Budget brand,carmex,13.4,4
High-end brand,markbass,500.66,1
Budget brand,crunch,90.09,1
Budget brand,colombo,84.32,2
Budget brand,trendbeauty,9.78,1
Budget brand,finezza,103.55,5
Budget brand,lina,937.0400000000001,26
Affordable brand,carwel,211.07,1
Affordable brand,gucci,26388.510000000002,258
Budget brand,gimi,1260.0200000000002,54
High-end brand,neo,23457.01,33
High-end brand,doohan,2181.26,2
Budget brand,greenpan,205.28,3
Mid-range brand,gree,20031.350000000002,72
Affordable brand,toyota,13350.66,71
Affordable brand,ural,1142.8799999999999,6
Budget brand,exnihilo,568.8599999999999,15
Budget brand,s-oil,33.46,3
Mid-range brand,roborock,13722.440000000002,30
Mid-range brand,lg,5239018.760000001,12879
Budget brand,secretgourmet,35.08,1
Budget brand,ducray,204.64,9
Budget brand,compasal,5752.590000000002,147
High-end brand,alexandermcqueen,306.06,1
Budget brand,fitnessbody,27.180000000000003,6
Mid-range brand,mebelev,1428.6,3
Budget brand,indiana,50.45,1
Budget brand,xieming,216.12,4
Budget brand,alcon,313.77,17
Affordable brand,westone,372.74,2
Affordable brand,delta,68646.07999999997,606
Budget brand,delux,1837.3200000000002,136
Mid-range brand,wagner,4478.119999999999,13
Budget brand,prestigio,61707.799999999996,1217
Affordable brand,lorellibolgaria,163.71,1
Budget brand,cobi,45.02,1
Budget brand,novline,1975.8300000000004,72
Budget brand,naturehike,1211.34,17
Budget brand,evelinecosmetics,7.21,2
Mid-range brand,rajton,1196.94,3
Affordable brand,fitbit,900.8,5
Budget brand,babolat,377.09999999999997,5
High-end brand,cartier,3889.87,18
Affordable brand,bosher,16358.749999999996,104
Affordable brand,internedoors,1098.6,7
Affordable brand,elikor,4684.939999999999,47
High-end brand,dell,119008.91,169
Mid-range brand,segway,1112.18,3
Budget brand,karat,5887.81,112
Affordable brand,rizmo,120.19,1
Budget brand,alphaline,1110.97,12
Mid-range brand,asm,77559.94000000002,162
Budget brand,electronicarts,3781.4399999999987,58
Budget brand,ogiz,7.83,1
High-end brand,merrylock,542.82,1
Mid-range brand,triton,15194.679999999998,56
Budget brand,asel,49573.74999999999,958
Budget brand,k-lite,15.4,2
Budget brand,autojet,87.52,1
Budget brand,rossinka,396.5300000000001,13
Affordable brand,terminus,243.63,2
Affordable brand,bodysculpture,20275.879999999997,72
Budget brand,monro,141.39,4
Affordable brand,ricoh,767.28,8
Affordable brand,aqualife,98.29,1
High-end brand,dyson,171322.34000000003,292
Affordable brand,profiko,2728.44,24
Budget brand,unison,63.62,3
Affordable brand,tyrex,22219.889999999996,88
Budget brand,amen,192.28000000000003,4
Budget brand,konami,432.2399999999999,8
Budget brand,royalblack,520.4,10
Affordable brand,kpt,3768.2,20
Affordable brand,ferrino,672.34,8
Affordable brand,magma,906.08,8
Affordable brand,gross,5684.000000000001,44
Budget brand,tunga,85881.07000000002,2375
Affordable brand,crossstreet,720.72,4
Budget brand,leaderkids,216.20999999999998,5
Affordable brand,carlsbad,1356.15,5
Budget brand,biovea,51.22,2
Affordable brand,rant,6869.51,58
Affordable brand,orient,48823.20999999999,336
Budget brand,acuvue,629.17,27
Budget brand,krasnaapresna,20.08,1
Budget brand,krasatoys,141.32999999999998,3
High-end brand,kaiser,11971.14,31
Budget brand,bombora,35.099999999999994,4
Affordable brand,hjc,4015.5699999999993,17
Budget brand,canwood,51.48,1
Budget brand,giorgioarmani,3322.74,50
Budget brand,regent,1939.9,21
Affordable brand,artel,1642215.0400000005,9267
Budget brand,karya,20832.049999999996,360
Budget brand,disney,493.23,32
Budget brand,ford,115.78,2
Budget brand,crane,74.21,1
Budget brand,berber,19.05,1
Budget brand,autoprofi,939.4899999999999,17
Budget brand,riken,87.52,4
High-end brand,riviera,8443.970000000001,17
Budget brand,tools,17.96,2
Budget brand,luminarc,24379.56,422
Affordable brand,alesis,16420.28,88
Budget brand,dormeo,110.63,2
Budget brand,vlk,33.92,2
Budget brand,gkhair,592.54,16
Budget brand,cayee,7.19,1
Budget brand,cougar,5538.73,70
Budget brand,colourpop,303.75,10
Budget brand,zuru,38.519999999999996,3
Budget brand,larsen,593.4399999999999,14
,"",1.1025718790000005E7,73273
Mid-range brand,suunto,7398.659999999999,17
Budget brand,actiontrack,21.85,1
High-end brand,kitchenaid,14204.239999999998,28
Budget brand,delmax,6168.18,140
Budget brand,outwell,157.52999999999997,5
Affordable brand,atrai,239.38,2
High-end brand,takamine,1709.1499999999999,2
Affordable brand,nuna,4082.9800000000005,18
Budget brand,llorens,8702.829999999998,201
Budget brand,joonies,154.76000000000002,12
Budget brand,mof,29.34,1
Budget brand,leone,231.66,3
High-end brand,kolibri,7498.659999999999,16
Affordable brand,mamadoma,1939.3000000000002,22
Affordable brand,zubr,15988.000000000002,179
Budget brand,clarion,128.67,2
High-end brand,minelab,1441.48,2
Affordable brand,kmk,2393.6000000000004,10
Budget brand,inkax,20.529999999999998,5
Affordable brand,westerndigital,758.3100000000001,5
Affordable brand,moulinex,88187.71999999999,704
Budget brand,kisswill,2.46,1
High-end brand,mak,7966.739999999999,10
Budget brand,citilux,74.9,2
Affordable brand,info,467.96,2
Mid-range brand,xp-pen,12458.82,45
Budget brand,remington,39836.84,652
Budget brand,poli,22.51,1
Budget brand,aquapick,1286.68,16
Affordable brand,sheba,2913.8999999999996,22
Budget brand,uniforce,32.94,2
Budget brand,canyon,17006.190000000006,371
Affordable brand,philips,658690.0100000001,5539
Budget brand,pituso,12800.59,128
Affordable brand,beko,904347.0499999998,3884
Budget brand,niio,420.8,14
Budget brand,aksion,74.65,1
Budget brand,yema,48.65,1
Affordable brand,yusufhali,4156.11,20
Budget brand,jockey,404.03,4
Budget brand,pupa,2336.8500000000004,174
Mid-range brand,liv,1358.07,4
Budget brand,wahl,599.3699999999999,13
Budget brand,gauss,17.5,3
Budget brand,arua,1735.4500000000003,39
Budget brand,respect,386613.4400000002,4740
Budget brand,volta,12161.010000000002,283
Affordable brand,ergo,44749.84,164
Affordable brand,santacruz,282.89,1
Budget brand,toro,1288.5400000000002,87
Mid-range brand,bsa-wheels,11710.07,40
Affordable brand,zhejiangjiajia,1488.0800000000002,7
Budget brand,maxcity,481.35999999999996,11
Budget brand,rezult,48.23,3
Mid-range brand,vivo,516173.52000000025,1914
Budget brand,brateck,2050.16,102
Budget brand,harper,39011.16,457
High-end brand,dayun,2558.62,2
Mid-range brand,obi,524.36,2
Budget brand,illumico,28.6,1
Affordable brand,jetem,669.26,1
Budget brand,avaloncarpet,109.39,1
Affordable brand,fiesta,3398.0499999999997,18
Budget brand,visavis,276.46000000000004,27
Budget brand,defalucy,53.55000000000001,6
Budget brand,powertrac,67335.30000000002,1651
Affordable brand,dauscher,870044.8900000004,4221
Budget brand,tizianaterenzi,69.5,4
Budget brand,esse,413.4,7
Mid-range brand,thomas,263327.65,778
Affordable brand,polini,12582.27,90
Mid-range brand,denon,1831.9699999999998,3
Budget brand,oasis,40369.76,1094
Budget brand,blaster,30.86,1
Budget brand,samga,415.48,32
Budget brand,organiczone,21.689999999999998,4
Budget brand,zing,16.89,1
Affordable brand,toyland,473.11,2
Budget brand,lumene,443.76,34
Affordable brand,focal,3502.76,23
Budget brand,mitte,22.63,1
Budget brand,goodride,36192.75000000001,782
Budget brand,rondell,33040.65000000001,629
Budget brand,siee,72.05,1
High-end brand,ocag,1396.94,2
Affordable brand,marshall,30004.430000000008,255
Budget brand,finish,578.5500000000002,25
Budget brand,rombica,2012.8199999999995,55
Budget brand,nocnezna,95.13,2
Budget brand,globber,745.2800000000001,9
Budget brand,goodram,35.02,1
Affordable brand,kenwood,187360.87999999995,855
Budget brand,ecolab,20.59,4
High-end brand,roland,30461.960000000003,46
Affordable brand,waterpik,1365.0900000000001,8
Budget brand,kubanfarfor,44.09,1
Budget brand,flashpoint,50.96,2
Budget brand,lirene,147.87,28
Budget brand,mad,42.48,2
Budget brand,monisstil,46.33,2
Budget brand,tv-shop,433.15999999999997,17
Budget brand,welss,625.8199999999999,8
High-end brand,jasic,8233.170000000002,13
Budget brand,goform,5049.960000000001,75
Mid-range brand,garrett,30493.629999999994,121
High-end brand,aero,29385.639999999996,55
Affordable brand,zoom,177.61,1
Budget brand,lolsurprise,124.84,3
Mid-range brand,milwaukee,2951.34,13
Budget brand,bluedio,110.62,3
Budget brand,joyroad,47624.30000000001,1099
Affordable brand,karcher,354062.6100000001,1451
High-end brand,lenso,1003.89,1
Budget brand,mersco,2059.25,25
Affordable brand,changhong,75351.26,295
Budget brand,grandvictory,37.34,1
Mid-range brand,higashi,1369.6399999999999,2
Budget brand,xinyu,17.96,2
Budget brand,babyliss,25760.94,414
High-end brand,shiraz,3632.0,8
High-end brand,aerosystem,1801.82,1
Budget brand,cailyn,178.37,7
Budget brand,calorie,815.5799999999998,27
Budget brand,derspur,290.34000000000003,6
Affordable brand,redford,8324.48,46
Budget brand,barokko,44.28,4
Budget brand,eltex,134.88,2
Mid-range brand,jade,14394.869999999999,59
Mid-range brand,oppo,3488540.759999996,15080
Budget brand,klever,30.89,1
Mid-range brand,lifedeco,141.45,5
Budget brand,crybabies,270.3,5
Affordable brand,hoover,12380.509999999998,127
Affordable brand,benebaby,720.72,7
Budget brand,doublefish,12.01,1
Budget brand,sailun,8556.6,133
Budget brand,magicbeartoys,96.53999999999999,3
Budget brand,kinklight,20.6,2
Budget brand,kativa,140.81,12
Budget brand,vega,9453.99,349
Affordable brand,marcjacobs,332.65999999999997,2
Budget brand,fancy,145.42999999999998,7
Budget brand,originalamnet,32.839999999999996,4
Budget brand,normann,180.18,7
Budget brand,ballu,30432.46,647
Affordable brand,chayka,43116.19999999999,448
Budget brand,snowcap,1485.62,19
Budget brand,cellio,353.87000000000006,11
Affordable brand,popov,1494.19,13
Budget brand,marcomen,1948.3100000000006,26
Mid-range brand,riko,2398.34,7
Budget brand,mc,41.74,1
Budget brand,rockforce,2257.51,27
Budget brand,kontinent,139.51999999999998,6
Budget brand,calligrata,65.85,1
Budget brand,zfts,354.94,5
Budget brand,puma,8630.949999999999,91
Budget brand,babys,513.59,12
Affordable brand,resanta,12609.909999999998,102
Budget brand,zarkoperfume,128.7,5
Mid-range brand,komfort-s,16373.240000000002,60
Affordable brand,ibanez,215.19,1
Affordable brand,erkaplan,6681.61,30
Budget brand,baratto,1036.59,12
Budget brand,erbis,1858.8299999999997,24
Affordable brand,boto,1395.8,15
High-end brand,alutec,7694.85,11
Budget brand,converse,163.38,3
Affordable brand,signal,430.15,4
Affordable brand,sibrteh,759.3199999999999,7
Affordable brand,fiio,245.71,4
High-end brand,mystar,2702.7,3
Budget brand,olmio,3504.5200000000013,93
Budget brand,fea,80.24,2
High-end brand,irobot,19480.1,37
Affordable brand,mersedes-benz,1023.21,5
High-end brand,sportop,4453.14,4
High-end brand,nik,3325.6,4
Affordable brand,mebels,850.5,7
Budget brand,dr.hoffman,127.93,4
High-end brand,baige,3861.09,3
Budget brand,tuka,1054.1300000000003,48
High-end brand,optoma,4910.830000000001,11
High-end brand,buderus,7126.84,9
High-end brand,avalon,24577.989999999998,46
Budget brand,redken,223.12,8
Affordable brand,olmeko,7354.01,42
Mid-range brand,hubert,98882.01000000004,217
Budget brand,sasta,398.95,15
Budget brand,merejbaspasy,34.74,3
Affordable brand,momentum,213.64999999999998,2
Budget brand,inoi,11089.74,238
Mid-range brand,maxpro,1626.8,4
Budget brand,viatti,245965.59000000003,5578
Affordable brand,qplay,144.15,1
Budget brand,febest,252.57000000000002,14
High-end brand,bork,26349.34,53
Budget brand,leicos,4.76,1
Budget brand,castrol,232.14000000000001,9
High-end brand,helvetia,2377.36,2
Budget brand,shakira,165.36,10
Budget brand,puckator,77.16000000000001,4
Budget brand,ronas,329.5,9
Budget brand,forlux,2064.7,29
High-end brand,whirlpool,21923.649999999998,42
Affordable brand,domyos,20492.870000000003,110
Budget brand,autopower,471.85999999999996,4
Budget brand,yoga,118.4,2
High-end brand,giant,70694.96,87
Affordable brand,atlant,293813.28,1079
Budget brand,avizor,58.19,8
Affordable brand,master,771.22,8
Budget brand,gaga,20.03,2
Budget brand,petek,8923.58,128
Affordable brand,x-race,2835.06,13
Mid-range brand,sinusprofi,399.44,1
Budget brand,aruna,18.979999999999997,3
Budget brand,organicshop,13.25,5
Budget brand,jimcarrey,50.459999999999994,4
Budget brand,d-link,966.71,49
Affordable brand,tridevatoecarstvo,1132.6,4
Affordable brand,demiray,424.12,4
Affordable brand,nasomatto,7381.109999999997,44
Budget brand,wurth,593.2,21
High-end brand,venta,1795.98,7
Budget brand,bayer,102.84,4
Budget brand,dsp,1099.5499999999995,34
Budget brand,studioprofessional,20.18,7
High-end brand,mercury,35557.65,26
Budget brand,hiper,247.5,10
Affordable brand,atoll,5544.339999999998,54
Budget brand,remax,2932.71,121
Budget brand,iddis,705.35,6
Budget brand,agness,1228.7700000000002,40
Budget brand,crona,2261.5399999999995,31
Affordable brand,ombra,2509.4399999999996,8
Mid-range brand,burton,23333.449999999997,92
Mid-range brand,htw,3296.5099999999998,7
Budget brand,initioparfumsprives,77.22,3
Budget brand,sweetyhome,15.42,1
High-end brand,preciosa,511.3,1
Budget brand,tarkett,776.45,118
Budget brand,gulliver,174.4,4
Budget brand,arcodoro,349.13000000000005,9
Budget brand,acv,1298.2700000000002,21
Budget brand,bibalina,172.5,10
Affordable brand,intego,4185.34,35
Budget brand,verbatim,873.3899999999999,22
Affordable brand,berkut,1162.72,5
Budget brand,elektrostandard,116.34,2
Budget brand,shima,149.3,2
Affordable brand,laston,14270.570000000003,136
Budget brand,zapfcreation,334.13,4
Budget brand,graf,274.75,10
Budget brand,weina,40.23,1
Budget brand,relouis,10.420000000000002,4
Budget brand,willmark,14000.369999999999,660
Budget brand,mentor,56.58,2
Affordable brand,nutribullet,401.53999999999996,5
Budget brand,ast,132.85999999999999,22
Affordable brand,haro,3431.0099999999998,11
Affordable brand,jetair,2370.9800000000005,11
Budget brand,londa,63.349999999999994,3
Budget brand,centurion,12934.660000000002,147
Mid-range brand,airwheel,776.23,2
Budget brand,sabi,13.9,1
Budget brand,teyko,105.53999999999999,2
Affordable brand,casio,313320.93999999994,3523
Affordable brand,parrot,334.6,1
Budget brand,hilo,1905.9500000000003,49
Affordable brand,diesel,6374.950000000001,24
Budget brand,beisier,47.62,1
High-end brand,viewsonic,5224.49,13
Budget brand,graffiti,345.99,6
Budget brand,eltempo,6884.730000000002,85
Budget brand,besty,269.1699999999999,24
Budget brand,stavr,29.86,1
Budget brand,oral-b,5101.829999999999,169
Mid-range brand,simpleparenting,2684.78,7
High-end brand,celine,1560.91,2
Budget brand,alvitek,2189.2100000000005,87
Mid-range brand,dinastia,147827.18000000002,446
Mid-range brand,thrustmaster,2540.36,8
Mid-range brand,alpina,5382.389999999999,31
High-end brand,smeg,81795.0,173
Budget brand,hada,28.31,1
Budget brand,rieker,60525.06,646
Budget brand,joerex,272.39000000000004,17
Affordable brand,promountain,411.8,2
Budget brand,klorane,10.25,2
Budget brand,meinl,912.01,12
Budget brand,jet,8181.799999999999,262
Budget brand,lanard,32.15,1
Budget brand,similac,243.27,22
Budget brand,usborne,22.37,1
Affordable brand,swatch,5376.759999999999,46
Budget brand,biolane,23.68,3
Affordable brand,rosetta,4048.2899999999995,40
High-end brand,permanence,3616.4300000000003,5
Budget brand,baboo,257.1,10
Affordable brand,mydean,154.44,1
High-end brand,k-power,2208.56,2
Affordable brand,salamander,28648.039999999994,243
Mid-range brand,armos,2815.7799999999997,9
Budget brand,babybotte,125.61,4
Affordable brand,rossignol,306.82,2
Budget brand,hipp,14.850000000000001,3
Budget brand,billi,14.88,2
Mid-range brand,maxmara,306.06,1
Budget brand,leven,13.26,1
Budget brand,tizo,35.89,3
Budget brand,dunhill,1935.28,21
Budget brand,confetti,392.28999999999996,19
Budget brand,fsd,61.78,2
Budget brand,dvizenie,144.14,4
Budget brand,guerisson,41.35,4
Budget brand,velo,154.44,2
High-end brand,divalux,1976.8,2
Affordable brand,elica,1248.17,7
Budget brand,bisou,12.48,3
Budget brand,ortega,2418.5899999999997,23
High-end brand,jura,2510.0000000000005,3
Budget brand,rapid,385.5,25
Affordable brand,aiken,360.58,2
Budget brand,chub,193.05,5
Affordable brand,cardrox,299.98,1
Affordable brand,ava,622.02,4
Budget brand,texet,15455.82,667
High-end brand,sevenfriday,4450.57,3
Mid-range brand,riga,10868.409999999996,35
Affordable brand,omero,289.15,3
Budget brand,centek,767.7700000000001,20
Budget brand,tamaris,3223.7299999999996,43
Budget brand,yvessaintlaurent,6043.95,101
Affordable brand,condtrol,2992.0300000000007,13
Budget brand,baden,105561.81000000004,1539
Budget brand,zte,8904.130000000003,112
Budget brand,popurri,73.89,7
Budget brand,elenberg,160643.44000000003,4655
Budget brand,vipe,63.03,2
Budget brand,galaxy,19598.24,681
Affordable brand,huntkey,6046.83,48
Budget brand,botas,3830.8999999999996,47
Budget brand,maxvi,1584.5100000000002,109
Budget brand,kipocket,138.70999999999998,11
Budget brand,nokian,438955.9499999997,5981
High-end brand,libero,783.3000000000001,2
High-end brand,acer,3347306.5300000007,6402
Budget brand,bloomsbury,60.019999999999996,4
Affordable brand,almacom,54816.14,332
Budget brand,sigma,69.5,2
Budget brand,desatoekorolevstvo,95.62999999999998,5
Affordable brand,can-am,4032.590000000001,19
Budget brand,logitech,11083.5,228
Budget brand,santeri,2388.24,41
Budget brand,furreal,57.66,1
Affordable brand,king,18859.339999999997,133
Budget brand,nero,59.0,2
Budget brand,genki,131.57,9
Mid-range brand,roamer,7604.84,21
Budget brand,lord,23.17,3
Budget brand,nyce,65.12,2
Mid-range brand,motivyotdyha,360.6,1
Budget brand,zalman,669.4399999999999,15
Affordable brand,stalker,1377.27,6
Affordable brand,fengnix,1518.6999999999998,10
Budget brand,adata,4592.9,89
Budget brand,pyrex,318.31000000000006,25
Budget brand,moxom,126.58,4
Affordable brand,kingston,65117.13,1387
Budget brand,goo.n,252.18999999999997,15
Mid-range brand,traser,924.6,2
Affordable brand,trinx,1687.31,10
Budget brand,biomecanics,569.14,10
High-end brand,xgimi,13725.120000000003,15
Mid-range brand,maomaoku,15483.439999999999,46
Mid-range brand,bkf,346.16,1
Affordable brand,ccm,9710.17,71
Budget brand,turbo,9476.66,157
Budget brand,troyka,265.17,21
Budget brand,chieftec,919.57,13
Budget brand,polaroid,661.7700000000001,10
Budget brand,nika,65125.56999999998,1371
Budget brand,mattel,761.55,46
Mid-range brand,verdi,1330.79,3
Affordable brand,honor,187203.46,806
Budget brand,polo,53.97,3
Affordable brand,dolcevita,348.52,2
Budget brand,alilo,1144.96,25
Budget brand,bene,3716.1899999999996,158
Mid-range brand,stokke,257.38,1
High-end brand,jack,4279.27,8
Budget brand,ciaobimbi,154.44,3
Budget brand,kainar,4625.07,71
Affordable brand,qmax,4756.200000000001,50
Affordable brand,calvinklein,1353.8300000000002,7
Budget brand,falken,81.34,2
Budget brand,timberk,30704.060000000012,713
Budget brand,toyo,25764.230000000003,274
Mid-range brand,candy,123064.45999999998,400
Budget brand,gislaved,33740.29,422
Affordable brand,mora,1412.1400000000003,13
Budget brand,caprice,474.66,7
Budget brand,juventa,295.36,4
Affordable brand,rosato,129.99,1
Budget brand,nexttab,3615.0999999999995,71
Budget brand,duo,17.56,1
Budget brand,luris,107.02,5
Affordable brand,dobrusskijfarforovyjzavod,1420.1100000000001,15
Affordable brand,bair,749.04,6
Budget brand,patrino,1518.3200000000002,17
Affordable brand,wacom,25513.53999999999,102
Affordable brand,vmv,56.6,1
Affordable brand,paiste,141.57,1
Budget brand,lorelli,24062.640000000003,314
Budget brand,dfz,0.9,1
Mid-range brand,pinghudakebabycarrier,2391.57,6
High-end brand,uno,41260.74999999999,79
Mid-range brand,ssm,1269.03,7
Budget brand,jasmine,25.74,1
Budget brand,estel,16.7,4
Budget brand,gerber,24.969999999999995,26
Mid-range brand,aurora,9985.289999999999,31
Budget brand,deviser,1029.61,14
Budget brand,tpmaster,205.9,10
Budget brand,naturalist,3.6,2
Budget brand,voltmaster,2340.42,30
Budget brand,airline,63.94,2
Budget brand,moliabal,232.19,5
Affordable brand,korin,340.03000000000003,3
Budget brand,optimus,90.35,1
Budget brand,topex,177.18,2
Budget brand,eurogold,15.4,2
Budget brand,a-mega,908.6800000000001,12
Budget brand,biol,13.39,1
Affordable brand,barty,3200.29,18
Budget brand,piatnik,192.74999999999997,9
Budget brand,exide,4270.35,41
Affordable brand,allvega,159.6,2
Budget brand,nerf,61.52,1
Budget brand,kiddieart,583.1,23
Budget brand,boarteks,35.1,1
Budget brand,joby,75.72999999999999,3
Budget brand,gehwol,168.76999999999998,12
High-end brand,edox,4404.219999999999,6
Mid-range brand,easywalker,3959.7,10
Budget brand,bsn,3638.29,69
Affordable brand,dongma,461.53,2
Budget brand,naturasiberica,7.029999999999999,3
Budget brand,vasilisa,296.06,13
Budget brand,emsa,359.47999999999996,12
Budget brand,now,318.55999999999995,18
Affordable brand,prestige,507.35,2
Budget brand,mediheal,376.03,15
Budget brand,picard,4707.95,49
Budget brand,jinjianfeng,312.75,9
Mid-range brand,kaemingk,608.66,1
Affordable brand,pioneer,194593.94000000003,1614
Budget brand,hb,2492.7200000000003,77
Affordable brand,listvig,501.44,4
Budget brand,likatoprofessional,264.8,22
High-end brand,schneider,1081.17,4
Budget brand,awei,1112.0600000000002,65
Affordable brand,heyner,809.03,7
Affordable brand,milat,633.63,3
High-end brand,unilux,15126.580000000002,31
Budget brand,maak,66.93,1
Affordable brand,lange,203.09,1
High-end brand,tamron,1474.02,1
Mid-range brand,tanglewood,1171.21,4
Affordable brand,sokolov,321777.70999999996,2123
High-end brand,aorus,725.86,1
Affordable brand,oursson,16544.670000000002,155
Budget brand,gemei,725.5699999999999,30
Budget brand,alumet,462.82,8
Budget brand,annaanna,522.22,17
Mid-range brand,jackson,1553.4499999999998,6
Budget brand,swat,10212.220000000001,162
Budget brand,garvalin,4318.27,62
Budget brand,shell,2613.810000000001,124
Budget brand,achilles,2812.9600000000005,46
Affordable brand,ilife,5632.0,22
Affordable brand,vitebskiekovry,1298.63,12
Budget brand,sven,27481.90000000001,774
Affordable brand,huawei,4780682.35,23703
Affordable brand,mancera,3763.22,30
Budget brand,bluesonic,134.36,2
Mid-range brand,kunlun,2409.32,8
Budget brand,malushen,423.45,5
Affordable brand,laudio,1199.53,8
Mid-range brand,makeblock,2161.12,7
Budget brand,lalique,1231.2199999999998,26
Budget brand,bwell,396.41,7
Affordable brand,babykiss,1287.06,6
Budget brand,tundra,133.47,2
Mid-range brand,head,5887.1399999999985,25
Affordable brand,medalist,1362.7,12
High-end brand,gemsy,621.3,1
Affordable brand,reebok,13918.629999999996,125
Mid-range brand,ardahali,9256.850000000002,29
Affordable brand,speroni,156.76,1
Affordable brand,amd,44732.780000000006,241
Mid-range brand,hp,1341546.24,4106
Affordable brand,heco,150.37,1
Budget brand,drhedison,19.31,1
Budget brand,superlux,110.69,2
Budget brand,x-level,182.73000000000002,13
Budget brand,bergner,6593.429999999999,123
Budget brand,guliver,36.69,1
Affordable brand,leefitness,4004.6400000000003,22
Affordable brand,romax,1074.69,7
Budget brand,vinzer,4240.0,69
Budget brand,voltman,20630.22,264
Budget brand,fisherprice,114.77,3
Affordable brand,horizont,22855.08,189
Budget brand,nuxe,206.08000000000004,13
Budget brand,gelflex,33.46,2
Mid-range brand,metabo,11844.990000000002,37
Budget brand,dion,799.2000000000002,27
Budget brand,deepcool,8804.869999999999,308
Budget brand,ubisoft,5924.05,223
Mid-range brand,pny,7717.000000000002,20
Budget brand,batik,32.28,6
Affordable brand,gorenje,143161.08,697
Affordable brand,sonel,13520.890000000001,124
Budget brand,burberry,1774.3400000000001,29
Budget brand,machete,1042.47,19
Affordable brand,moonybaby,1897.5200000000004,17
Budget brand,essence,49.290000000000006,14
Budget brand,stayer,1865.11,60
Budget brand,ecolight,12.1,1
High-end brand,cybex,61296.69000000001,89
Budget brand,perina,523.66,6
Budget brand,bykilian,401.54999999999995,9
Budget brand,a-case,808.3199999999999,94
Budget brand,remonte,460.0,6
Budget brand,tramontina,1694.9499999999998,84
Mid-range brand,tacx,6120.87,21
Budget brand,xlmedia,8.28,1
Budget brand,honhongvictorygroupltd,138.48,2
Budget brand,tega,83.24,8
Budget brand,inhouse,612.26,27
Affordable brand,nanotex,226.52,1
Budget brand,lahn,82.1,2
Budget brand,p.i.t.,4993.110000000001,92
Budget brand,desigual,44.14,3
Affordable brand,sledopyt,1224.13,16
Budget brand,krosno,57.25,6
Budget brand,wenyi,10.71,1
Affordable brand,crescina,273.37,2
Budget brand,geil,11051.229999999998,229
Budget brand,bioworld,9.66,3
Budget brand,garanterm,3195.9800000000005,34
Budget brand,pablosky,1312.7600000000002,18
Affordable brand,opadiris,1190.08,10
Budget brand,scher-khan,283.14,3
Budget brand,gigawatt,45552.590000000004,491
Budget brand,rovus,51.42,2
Budget brand,magic,47.18,2
Budget brand,steelpower,210.32,8
Budget brand,samo,67.30000000000001,5
Affordable brand,xiaomi,1.125986596000001E7,68292
Budget brand,cocochoco,46.59,2
Budget brand,sariel,30.169999999999998,4
Budget brand,dendy,1039.44,17
High-end brand,chopard,820.87,1
Budget brand,bestoy,12797.75,201
Mid-range brand,lotos,1336.06,5
Affordable brand,gewa,3018.8400000000006,43
Budget brand,kelli,1564.9299999999994,39
Budget brand,mobil,1362.3600000000004,44
Budget brand,polese,445.17999999999995,13
Budget brand,trianglegroup,152.9,2
Budget brand,thqnordic,72.02,2
Mid-range brand,olympus,1910.38,3
Budget brand,greenpro,74.87,2
Budget brand,provence,4.86,1
High-end brand,rivalli,694.74,1
Affordable brand,swisshome,14409.020000000002,120
Budget brand,triumph,4.37,1
Budget brand,denso,10.04,1
Mid-range brand,melitta,8228.68,29
Budget brand,castorland,16.18,4
Budget brand,cullmann,435.28,6
Budget brand,shindo,60.75,1
High-end brand,anex,13733.65,22
Affordable brand,salomon,1347.0,7
Budget brand,maxwell,22967.510000000002,825
Affordable brand,rostok-mebel,2130.15,15
Budget brand,bravo,215.07000000000002,14
Budget brand,barer,189.87000000000003,19
Budget brand,kukmara,6862.530000000001,189
Budget brand,maidou,38.59,1
Budget brand,wortex,549.5699999999999,10
Budget brand,weifeng,501.90000000000003,30
Budget brand,aimoto,16847.790000000005,303
Budget brand,merries,1647.3100000000009,81
Budget brand,abtoys,46.31,1
Affordable brand,fanline,1629.1,11
Budget brand,pixiebelles,42.99,1
Affordable brand,shimano,2675.8300000000004,24
Affordable brand,partner,8170.23,73
Budget brand,gosh,1299.12,98
Budget brand,bovidix,524.8000000000001,12
High-end brand,k-star,1801.84,2
Budget brand,lidonet,596.84,22
