light,Budget brand,"ansmann,modern,iek,puckator,eco,alfa,kosmos,maman,lidonet,escada,radiant,svetogor,ultraflash,mica,rombica,bayerlux,nowodvorski,deluxe,illumico,eurolight,stanley,lezard"
tv,High-end brand,"kuppersbusch,hisense,skyworth"
water_heater,High-end brand,"sunsystem,rinnai,cooperhunter"
mouse,Budget brand,"rapoo,cnd,smartbuy,zalman,zwerg,orico,steelseries,tesoro,manhattan,deepcool,frozen,razer,epicgear,acme,delux,redragon,defender,genius,hibertek,logitech,crown,gembird,trust,canyon,ritmix,hyperx,wintek,mars,x-game,sven,cobra,harper,cougar"
living_room,Budget brand,"emily,aerocool,siger,tizo,juventa,nania,bertoni,alterna,zlatek,lorelli-bertoni,vako,babygo,bambola,smile,lorelli,babyhit,mifold"
air_heater,Mid-range brand,"volcano,electrolux"
apparel,Affordable brand,"genau,ergo,rovigo,makers,ultimatumboxing,gabor,tomfarr,daneildesch,salamander,bochetti,cavaletto,indigo,maxi-cosi,everlast,oliviabambino,ersport,hayali,anta,fila,harley-davidson,ride,atomic,can-am,native,omero,scoyco,reebok,lauravalorosa,venum,rossignol,francescodonni,joie,ralfringer,glasman,bugatti,fracescodonni,etor,hayabusa,cover,chicco,ara,roxy,dolcevita,nike,salomon,jordan,hoka,romer,burgerschuhe,atrai,columbia,lange,greyder,covani,tuffoni,velvet,romax"
shirt,High-end brand,weekend
bed,High-end brand,"giornonotte,silva,permanence,micuna,grandmanar,embawood,pinskdrev,stolplit"
steam_cooker,High-end brand,"smeg,kuppersbusch,kuppersberg"
tonometer,Budget brand,"gamma,csmedica,omron"
air_heater,High-end brand,"bork,kelet,wing,karma,firman,tigerking,kaiser"
camera,Mid-range brand,"hp,sony,gopro,samsung,olympus"
vacuum,Mid-range brand,"danke,hotpoint-ariston,lg,samsung,roborock,thomas,fubag,metabo,miele,stihl,delonghi,bissell,makita,milwaukee"
bench,Budget brand,koopman
skates,Budget brand,"frozen,disney,penny,babyhit,sunbody,creature,zinc,suncolor,coolmaster,schreuders,midou,niio,toocool,weichao,kuqidai,rexco,ruixinlang,pawpatrol,maxi,graffiti,smartway,feile,onlitop,enchantimals,maidou,micmax,next,xkg,globber,scooter,marvel"
stationery,Budget brand,"powerplant,katun,nvp,sakura,europrint,aquamarine,nvprint,colorway,barer,crown,colorfix,premier,superfine,originalamnet"
swing,Budget brand,"i-baby,mastela,jinma,pituso,lorelli,la-di-da,fisherprice,babyswing,fitchbaby"
scarf,Budget brand,"fabretti,conceptclub"
monitor,Mid-range brand,"samsung,hp,lg"
compressor,Budget brand,"alligator,kolner,tpmaster,avs,cityup,autovirazh,maakavto,alca,autoprofi,torso,voin,tornado,alteco,chameleon,kingtony,airline,novabright"
telephone,Mid-range brand,"blackberry,fly"
power_supply,High-end brand,"evga,asus"
air_conditioner,Budget brand,"oasis,elenberg,snowcap"
microwave,Budget brand,"tristar,bbk,vitek,elenberg,daewooelectronics,luxell,scarlett,galanz,redmond,sess,willmark"
universal,Mid-range brand,lifedeco
coffee_machine,Affordable brand,"xiaomi,philips,gipfel,ariete,tefal,gorenje,braun,moulinex,kitfort,bosch"
cooler,Budget brand,"crown,coolermaster,chenri,mam,id-cooling,gamerstorm,deepcool,supermicro,noctua,acd,ecocool,enermax,bona,zalman,gembird,aerocool,pccooler,titan,aardwolf,cougar"
microphone,Mid-range brand,"olympus,sony,yamaha,peavey,soundking,shure"
compressor,Affordable brand,"newco,hyundai,denzel,zubr,xiaomi,ryobi,magnetta,laston,goodyear,berkut,einhell,heyner"
toys,High-end brand,liebherr
bicycle,Mid-range brand,"schwinn,dk,dahon,liv,kink,sunday,lg,gaint,gt,kona,wethepeople,stark,thule,author"
piano,Budget brand,"akai,cortland,denn,tesler"
fan,Mid-range brand,"deton,milwaukee"
microphone,Budget brand,"hoco,razer,meike,itc,maono,audac,nady,trust,sven,dagee,defender,ritmix,superlux,wster,hyperx"
"",Affordable brand,"proma,spinmaster,buggy,redblu,andrewfuchs,paiste,gipfel,gewa,barty,biemmedue,nobu,measy,xiaomi,artmusical,carwel,sokolov,cort,artplays,mart,lihom,bresser,dvin,mercedesbenz,lux,nacon,mastercraft,rogervandenberghenv,force,aria,casamorati,harmankardon,fujifilm,jeep,columbia,belcat,condor,polini,byredo,cyberpower,hayabusa,hangover,solomon,zwilling,bosch,bohemia,riminiflash,osprey,samsonite,janome,zimneevolsebstvo,chanel,doupro,eviza,flama,ferrari,micio,g-stone,kuhar,alesis,pirelli,emporioarmani,leatherman,arnica,deuter,raval,fisher,element,diptyque,akvarel,casper,clevan,fixsen,moonybaby,ken,dynamic,sjrc,sledopyt,zhejiangjiajia,vaude,satura,nikotex,sonor,fenix,fireball,genny,ural-mikma-term,oursson,florentina,phanteks,aquavis,sea-doo,dauscher,berkut,midea,mcculloch,jiaxingharleybabycar,ginzza,chayka,pride,grinda,amf,esun,travelite,baltekstil,avina,trendy,glamvers,interskol,porsche,versace,roingto,allvega,delta,nanotex,btwin,wehncke,misfit,dulevskijfarfor,marcomenti,palms,erdenet,hermes,micallef,breezeboat,diamant,panasonic,scorpion,carrera,marcjacobs,ray-ban,bekzatsport,ant,touchbeauty,kirovit,santek,jonnesway,zemex,incanto,areol,kaisavilla,millet,phillips,daisy,valve,tefal,staub,salewa,jetem,bravat,moulinex,cezaris,elf,samonite,roadcruza,romana,mutlu,daiwa,misty,holiday,edge,jordan,mio,borovici,creo,solideal,impex,zubr,m-wave,bugatti,jakkspacific,nvidia,beaba,reima,kress,bosher,hurakan,ubiquiti,mora,etro,asrock,strong,gamemax,givenchy,shimano,meizu,silverstone,zyxel,huntkey,kartal,ubtech,mfmaster,retrosuperfuture,merelani,gorenje,aeolus,goodyear,constancy,subea,mantra,boneco,dolcegabbana,nyne,agl,ariete,dolcevita,braun,gardena,nike,dls,fotomate,pensofal,cavaletto,can-am,checkin,rosetta,matrol,kawasaki,fitwell,fila,gigabyte,cocoonababy,mitas,bvlgari,ardoni,yacco,police,almacom,vitebskiekovry,dizel,unyjatlet,motorguide,shaik,tommyhilfiger,am-pm,alpika,aquaton,bodysolid,yusufhali,ching-ching,harley-davidson,brother,shivaki,balenciaga,vmv,longway,withings,kale,riminibosco,gabor,skylor,yamaguchi,crescina,medela,formulazdorova,swisshome,sunmi,felisatti,toyota,x-race,oleo-mac,eden,hansa,adil,childhome,tyrex,ariston,guess,brauberg,tch,sinisalo,medalist,ikea,terminus,jaguar,thermaltake,saeshin,annovireverberi,tundracomfort,amatis,cmi,sencor,beats,cowon,emco,parkcity,almada,marshall,fitbit,nixx,grillver,nathan,nokia,indesit,bodysculpture,profiko,qmax,crossstreet,promountain,bts,neoline,opadiris,nitro,andeks,lele,brevi,kraftform,scoyco,sheba,parrot,onix,strunal,bridgestone,caraya,unikum,prada,mercedes,yuka,krause,audio-technica,rusgoldart,tao-tao,domani-spa,arteolfatto,askona,warrior,michelin,kenwood,forsage,rosenberg,bestway,lucente,berger,atoll,jetpik,ls,groundzero,resanta,rebus,akvaton,ecosoft,merkurij,aeroforce,magniflex,newport,grownup,sonel,max-pro,dobrusskijfarforovyjzavod,ibaby,lemark,proxxon,diamondunion,harleybaby,deta,aquanet,barretoni,zapco,racer,midzumi,lanvigator,ava,jika,belka,ryobi,omnimount,chic,hightechway,kingston,pastel,comma,kampfer,info,gross,olmeko,sdt,murena,envision,domini,edcon,omoikiri,yes,mancera,bambini,ersport,focal,badboy,toyland,hollicy,waterpik,campinggaz,dsk,greyder,graphiteleader,ttco,acebeam,fiesta,rival,geitaran,osman,optima,carcam,casio,vegas,gucci,condtrol,gys,continental,beko,rika,belletti,triumf,granhel,orivel,anahickmann,prestige,edufun,binatone,venum,indigo,trollbeads,signal,calvinklein,hjc,rokids,diesel,erlit,dynafit,stiga,ombra,leefitness,corsair,gefest,versale,blanco,nishane,triumphnord,atkinsons,bugati,aqualife,nz,partner,sanovit,hayali,stagg,hertz,sibrteh,elitech,dremel,jinyu,mebelson,vox,karavaevskaauf,teorema,gerbor,nintendo,davita,aquarelle,quechua,bushnell,carlsbad,buldors,ibanez,ltd,guerlain,rucelf,genebre,zara,promate,husky,mdlab,alcasta,vitra,milat,internedoors,terra,brahner,laston,gorizont,fiio,sparky,kaemingkbv,swarovski,creed,genlog,motorola,dsquared,bfgoodrich,enya,amazon,atomic,hifiman,toway,keter,artel,dune,chingching,denzel,blackbox,pt-group,praktik,boss,greentrees,starmix,teploross,roxy,bentley,ferrino,appollo,brw,master,sulhwasoo,lesozavod,edifier,granfest,domyos,fanline,joie,smartrike,kraftool,standard,vogue,amefa,venti,akvafor,dkny,light,wingo,llarri,edelform,vaiper,must,salomon,andrea,brumer,liujo,nortec,chicco,uomo,glasman,evrodetal,wera,htc,elkitorg,baudet,arms,ccm,rush,simfer,hyundai,huter,yst,cersanit,dewalt,moldabela,labo,microfire,delsey,lucentesilver,rostok-mebel,ildi,levenhuk,carver,tomford,hori,muimui,elleci,einhell,sisley,lava,lukojl,dongma,king,murager,honor,rivertoys,firestone,zarad,antoniolavazza,nadoba,basaran,efp,battipav,arg,efremov,ogreen,genau,magnetta,adamas,deeper,qiangchi,torrent,luxking,squier,widian,kitfort,alis,celestron,varta,fractaldesign,alpine,crea,remain,pioneer,skad,dior,rosato,gabriella,cayin,nzxt,erkaplan,arwanan,roncato,heinola,jawbone,karcher,greta,scierra,riello,oster,arena,babycarrier,snogear,ural,alexandre.j,huawei,dds,singer,textura,philips,haida,gladen,hq,kodak,true,mochtoys,boto,konlega,suntech-msks,forward,trazano,darina,raveltex,goalzero,nasomatto,stendmebel,pinus,champion,atlant,mersedes-benz,toneybaby,grifon,karmen,cover,everlast,kmk,velvet,tomfarr"
environment,Budget brand,"stern,luazon,stn,centek,elvin,zass,teplokryma,garanterm,domasnijocag,delimano,fais,snowcap,luxell,delsot,saturn,engy,termia,autovirazh,unit,redmond,ecoterm,stanley,barhatnyjsezon,ballu,airline,timberk,maxwell,dwt,polaris,kelli,oasis,profteplo,vitek,alteco,rovus,ditreex,aqua,scarlett,swissline,p.i.t.,nord,vihr,galaxy,greentek,sinbo,normann,irit,demark,sakura,metalac,ewt,smile,elenberg,aquaverso,lumme,etalon,kolner,scoole,regent,wester,kraton,willmark,zelmer,yika,blauberg"
clocks,Budget brand,"danielklein,wonlex,toro,elari,lorus,troyka,calypso,qq,aimoto,canyon,mykronoz,agu,irit,hiper,acme,jet,festina"
faucet,Affordable brand,"florentina,lava,blanco,redblu,bravat,granfest,lemark,elleci,omoikiri,ikea,genebre,teorema"
furniture,Budget brand,"sonoterra,rosa,lorelli-bertoni,karapuz,spalenka,monkey,tizo,barneo,cepeckaamf,belashoff,vesta,dormeo,madamecoco,magkijson,sitparad,antika,stilvasejspalni,kupu-kupu,caramelia,adel,lidonet,sanita,bayerlux,lorelli,colombo,maclay,tesma,alterna,koopman,mariaiskusnica,verossa,legkiesny,mebelcon,svetogor,faans,alvitek,arua,selena,illumico,palisad,astrid,stryj,homeart,babys,smarttextile,miromaks,dobroparov,tamish,monro,whitewave,ecotex,modern,osminozka,nania,santeri,deluxe,bertoni,prc,bambola,aerocool,kroskindom,edelvejs,ol-tex,gesso,babyhit,shenma,mifold,alfa,vasilisa,maja,zeta,pituso,mojmalys,siger,avrorateksdizajn,nika,bio-tekstil,tradiciatekstila,selby,sheffilton,candide,mc,emily,babygo,baby,mica,sonnaaskazka,vako,stolicatekstila,juventa,iddis,zlatek,edem,intex,everflo,ekonomia,mirodel,globex,almaks,smile,matrix,teknum"
juicer,High-end brand,"smeg,bork,neo"
kettle,Affordable brand,"artel,optima,philips,moulinex,tefal,gipfel,dauscher,braun,ariete,maunfeld,kitfort,xiaomi,arnica,panasonic,delta,gorenje,kenwood,dexp,bosch"
bicycle,Affordable brand,"fenix,aist,xiaomi,lamborghini,smartrike,atlant,qplay,micio,bentley,altair,biwec,haro,torrent,scool,progress,racer,phoenix,glamvers,novatrack,peruzzo,forward,lux,trinx,axis,stinger,mongoose"
diapers,Budget brand,"sweety,lovular,whito,yoshioki,joonies,sachiko,momi,sabi,merries,mello,molfix,genki,moony,goon,pampers,insinse,goo.n,huggies,manuoki,yokito"
furniture,High-end brand,"libero,trevi,ravak,rals,mima,permanence,micuna,preciosa,jacobdelafon,embawood,mebberykz,bellamebel,divalux,cybex,sharking,uta,bugaboo,kia,molodecnomebel,hotner,apriori,aldit,pinskdrev,nik,aero,stolplit,mebberi,grandmanar,rivalli,elitebohemia,herman,silva,gomeldrev,senspa,kettler,lubimyjdom,giornonotte"
kitchen,Budget brand,"galanz,swissline,zelmer,lumme,dsp,mc,dobroparov,sess,maxima,berghoff,shindo,aksion,daewooelectronics,ardo,saturn,asel,rondell,bergner,elenberg,wellberg,olto,taller,greentek,lorelli-bertoni,bambola,akro,monkey,kambrook,renova,turboair,maja,boyscout,tramontina,cepeckaamf,baby,crown,oasis,now,clatronic,aeg,sakura,daiwerina,bbk,babys,stryj,natrol,coolfort,smile,redmond,kumtel,karapuz,tristar,geneticlabnutrition,matrix,akel,unit,deluxe,homeart,agu,vinzer,prc,snowcap,zeta,marta,fit-rx,ibili,aston,turbo,centek,scarlett,vitek,haeger,sitparad,teknum,luxell,agness,delimano,maestro,maxwell,globex,galaxy,maman,sheffilton,barneo,nutrex,selby,hottek,nika,lorelli,energy,koopman,masima,homs,fissman,shenma,sinbo,bene,babygo,dam,polaris,apollo,ventura,ves,pituso,first,luazon,willmark"
notebook,Budget brand,"deepcool,prestigio,crown,irbis,trust"
sport,Budget brand,"onlitop,line,centurion,sigma,fischer,joerex,matrix,maak,graffiti,stels,babyhit,julbo,inswim,doublefish,mars,babolat,bertoni,hycell,italtrike,lorelli-bertoni,wilson,bmw,lorelli,ansmann,anon,nitecore"
microwave,Affordable brand,"ava,horizont,cata,gorenje,dauscher,oursson,beko,maunfeld,midea,arg,panasonic,bosch,hansa"
tools,Budget brand,"total,ultraflash,sti,paint,rowenta,stermay,vitek,solaris,lidonet,oase,eurolight,energolux,matrix,wortex,kolner,alteco,stayer,p.i.t.,kalibr,bossh,stanley,saturn,elenberg,military,ivt,modern,vihr,escada,mustang,csmedica,gamma,scarlett,nowodvorski,kosmos,omron,nexttool,stavr,lezard,rombica,bovidix,polaris,radiant,eurolux,puckator,mekkan,dwt,edon,texa,pit,intex,oasis,clatronic,deluxe,patriot,maman,hammer,graphite,eco,ansmann,maxwell,fit,bene,galaxy,rotorazer,enkor,tundra,temp,wester,blackdecker,greenpro,crown,stels,iek"
smartphone,Mid-range brand,"haier,leeco,samsung,vivo,blackberry,umi,lg,fly,oppo,sony"
welding,Affordable brand,"hyundai,forza,huter,laston,elitech,aiken,resanta,kaierda,magnetta,esab,paton,zubr,denzel,helvi,wert"
toilet,Affordable brand,"vitra,kale,creavit,santek,mio,kirovit,creoceramique,jika,cersanit"
bag,Budget brand,"okuma,luris,outwell,titan,picard,tl,acron,amen,remonte,helios,tonybellucci,manhattan,andromeda,imax,respect,easycamp,tsv,petek,conceptclub,sarabella,muqajankz,sacvoyage,baden,nexpero,keddo,namazu,a-elita,flambeau,sumdex,miracle,palisad,bestlife,stanley,aquatic,tyr,stayer,dam,puma,continent,hama,stels,ritmix,mad,salmo,portcase,deluxe,crown,capline,vipe,matrix,trunki,miracase,tucano,soyntec,matex,kingslong,moliabal,savagegear,fisherman,rapala,fabrikakarteks,voyager,shoiberg,zfts,rieker,fabretti,rivacase,targus,carpisa,canyon,defender,norfin,g-cube,prologic,trust,jrc,saksi,karya"
blender,High-end brand,"bork,kitchenaid,smeg"
ballet_shoes,Budget brand,"pablosky,respect,garvalin,spur,baden,betsy,rieker,caprice"
bathroom,Budget brand,"faans,santeri,colombo,sanita,gesso,rosa,whitewave,antika,iddis"
kettle,Budget brand,"bene,lumme,luazon,ventura,first,galaxy,wellberg,aston,smile,vitek,redmond,greentek,bergner,agness,agu,centek,berghoff,tramontina,maestro,maxima,saturn,fissman,vinzer,maxwell,scarlett,apollo,polaris,swissline,kambrook,elenberg,marta,taller,willmark,rondell,unit"
microwave,High-end brand,"kaiser,whirlpool,kuppersbusch,kuppersberg,smeg,daewoo,neff,teka,siemens,nodor"
vacuum,Affordable brand,"gutrend,karcher,philips,hoover,artel,einhell,dexp,kitfort,dewalt,midea,dauscher,starmix,felisatti,mcculloch,gorenje,shivaki,zubr,ryobi,xiaomi,gardena,biemmedue,arnica,sencor,bosch,ilife,pika,annovireverberi,tefal,hyundai"
generator,High-end brand,"senci,caiman,firman,lutian,kipor,tarlan,bork"
acoustic,High-end brand,"blg,proel,takamine,liberty,kef,adam,studiomaster,suzuki,krk,ecler,mackie,rcf,fender,dynacord,turbosound,leem,electro-voice,samson,gretsch,biema,jamo"
sandals,Affordable brand,"burgerschuhe,cover,greyder,nike,ara,tuffoni,covani,salamander"
headphone,Mid-range brand,"fly,samsung,yamaha,shure,microsoft,sony,hp,soundking,bose,lg"
carriage,Budget brand,"lorelli,polaris,prestigio,glory,teknum,maxcolor,lorelli-bertoni,aimile,mstar,babytime,wiseson,bambola,oley,shenma,pituso,yoya,hubeiindustrialaimiletrading,kinlee,bertoni,yoga,babygo,babyhit,coballe"
video,Budget brand,"veho,jvc,elenberg,olto,kehan,prolike,irbis,harper,saturn,bluesonic,acme,swissline,honhongvictorygroupltd,bq"
fan,Budget brand,"rovus,scarlett,polaris,blauberg,maxwell,elenberg,willmark"
headphone,Budget brand,"rombica,meze,continent,gembird,urbanears,defender,nuforce,microlab,koss,jbl,rapoo,canyon,zalman,orico,trust,skullcandy,inkax,yison,invotone,kalenji,marley,jvc,joyroom,jabra,olmio,intro,genius,ipipoo,borasco,ultrasone,denn,acqua,redragon,manhattan,superlux,crown,global,ritmix,hoco,nobby,cougar,hercules,harper,remax,tesoro,mark,havit,qcyber,numark,siee,olto,celebrat,monster,steelseries,magnat,bluedio,dunu,elari,acme,awei,aula,usams,sven,moxom,cnd,wuw,delux,iwalk,sades,g-cube,razer,plantronics,veho,logitech,hyperx"
scales,Affordable brand,"huawei,artel,ava,xiaomi,gorenje,dauscher,sencor,kenwood,bosch,tefal"
coffee_machine,High-end brand,"jura,krups,kitchenaid,teka,smeg,bork"
blender,Affordable brand,"kenwood,tefal,moulinex,artel,xiaomi,braun,sencor,nutribullet,bosch,dauscher,arnica,kitfort,gorenje,philips,panasonic"
bath,Affordable brand,"domani-spa,forminabanyo,cersanit,santek,zara,creo,kolpasan,jika,estap,kolo"
camera,Affordable brand,"huawei,ricoh,fujifilm,xiaomi,sjcam,zoom,panasonic"
slipons,Affordable brand,"bugatti,greyder"
hdd,Affordable brand,"corsair,westerndigital,kingston,gigabyte,amd,colorful,wd,micron"
clocks,Affordable brand,"pebble,honor,fitbit,xiaomi,diesel,versace,motorola,calvinklein,dkny,swatch,leatherman,misfit,claudebernard,orient,withings,citizen,pierrericaud,storm,pierrelannier,jacqueslemans,cover,fossil,hanowa,momentum,jaguar,ingersoll,adriatica,zeppelin,swissmilitaryhanowa,skagen,armani,royallondon,ikea,romanson,detomaso,boccia,casio,huawei"
washer,Budget brand,"renova,willmark"
headphone,High-end brand,"fender,krk,asus,samson,msi,proel,roland,lenovo,apple,acer"
motherboard,Budget brand,"ecs,biostar"
refrigerators,High-end brand,"climadiff,skyworth,liebherr,cavanova,bompani,cellarprivate,kuppersbusch,ascoli,alpicool,whirlpool,kuppersberg,neo,teka,smeg,hitachi,dunavox,bonvini"
glove,Affordable brand,"everlast,scoyco,ultimatumboxing,venum,hayabusa"
photo,Budget brand,sigma
subwoofer,Affordable brand,"kicker,element,edge,hertz,pride,prology,morel,alpine,kenwood,ural,pioneer,dls,avis,aces,fli,focal,groundzero,gladen"
mouse,High-end brand,"apple,acer,asus,lenovo,dell,msi"
appliances,Mid-range brand,"vasin,falmec,cameron,lg,fubag,pozis,hurom,roborock,makita,flavia,housefit,svar,nagano,hotpoint-ariston,best,char-broil,snez,hubert,franke,metabo,thomas,ezetil,fantasia,dometic,bissell,samsung,deton,msb,delonghi,korting,obi,candy,fornelli,miele,gree,zanussi,lessar,stihl,electrolux,milwaukee,vestel,milano,danke,schaublorenz,melitta,volcano,fagor,hp,haier"
kids,High-end brand,"seed,dsland,e-twow,mutsy,hartan,babyzen,arno,anex,doohan,bugaboo,noordi,tako,minimotors,ninebot,hamilton,liebherr,sbw,joyor,egg,mima,kingsong,cybex,junama"
jumper,Budget brand,"noopies,didistyle,catimini,gaissina,conceptclub,blueseven,dirkje"
kids,Affordable brand,"omnio,kampfer,evenflo,bartplast,capella,philandteds,xiaomi,peg-perego,joie,kacper,espiro,wingoffly,parrot,exost,brevi,nuna,spinmaster,hq,babymoov,sphero,manke,indigo,jetem,hightechway,chicco,skillmax,rant,babysinq,babykiss,goodbaby,ferrari,graco,kiddy,glamvers,bair,jakkspacific,hauck,maribel,lorellibolgaria,torrent,joe,benebaby,stiga,rizmo,maxi-cosi,idillia,slider,oribel,cityrover,phoenix,babyzz,adil,alis,hubsan,keter,quatro,roxy,belecoo,biwec,altair,micro,orbotix,forward,parklon,longway,osann,redford"
screw,Budget brand,"vihr,blackdecker,kolner"
shoes,Affordable brand,"atomic,reebok,atrai,etor,dolcevita,salamander,ergo,oliviabambino,salomon,ersport,covani,makers,greyder,romax,rossignol,bugatti,lange,columbia,native,hoka,ride,rovigo,burgerschuhe,bochetti,indigo,gabor,nike,francescodonni,tuffoni,ralfringer,fracescodonni,ara,cover,genau,glasman,anta,velvet,lauravalorosa,jordan,romer,fila,cavaletto"
keyboard,Affordable brand,"hori,gamdias,kingston,thermaltake,gigabyte"
keyboard,Budget brand,"acme,redragon,harper,wintek,rapoo,canyon,genius,konoos,hyperx,cnd,crown,logitech,razer,sven,ritmix,gembird,cougar,delux,defender,trust,x-game,steelseries,hibertek,smartbuy"
"",Mid-range brand,"ski-doo,pdw,imattress,gtrwheel,makita,triton,mebelazii,yokatta,koffer,bose,ikkm,holicy,epr,otani,kipardo,stark,totalbox,mif,tacx,julong,ibiscus,moongmbh,asm,technogym,ghnfitness,garrett,coleman,dinastia,roca,robertocavalli,head,jackson,manfrotto,alexika,stihl,audison,helstons,milano,lemaks,egreat,toshiba,bazhou,microsoft,kk,schecter,hubert,torgue,ifree,persona,sharp,tutis,char-broil,legeartis,haier,camptown,milwaukee,botticelli,powcan,grohe,gopro,denon,jade,laufen,jimmychoo,samsung,ardahali,startradingab,asmrelaks,orium,wedssport,centrpravilnogosna,technomax,mojdodyr,vobix,inwin,kelly,makeblock,amouage,melitta,napoleon,orto-bed,maisonfranciskurkdjian,mgaentertainment,replica,maxion,fubag,startlineplay,sowell,basharan,akva,truva,marcher,al-ko,metabo,vossen,imenza,hartung,belux,vestel,sardes,yamaha,broomer,babywood,soundking,rial,raceready,lotos,hp,dragonfly,warmic,wind,airwheel,bsa-wheels,lonex,masei,riga,wsp,valberg,inglesina,shishi,tech-line,peavey,greenworks,burton,maxmara,thule,danke,silhouette,slonimmebel,sportelite,epiphone,barettoni,memo,armos,startline,higashi,thrustmaster,hisar,electrolux,siberia,sony,alpina,rimax,leeco,t-max,makstton,canam,author,candy,engenius,asx,kunlun,smoby,wize,olympus,claudedozorme,advan,zanussi,kaemingk,simurg,sv,apc,fissler,remo,ssm,body-solid,value,velvet-santiago,blackberry,teknetics,anreks,htl,kaleos,delonghi,mebelservice,sospiro,aquilon,stabila,obi,franke,yamato,lider,mjx,apache,taitong,stokke,noktamakro,ajmal,segway,am.pm,hugoboss,hotpoint-ariston,lifedeco,adamex,sportbaby,quiksilver,housefit,aurora,pinghudakebabycarrier,deestone,moon,bkf,fly,mibb,lg,maxpro,amos,imperial,pandora,cmt,komfort-s"
sewing_machine,Budget brand,household
grill,Budget brand,"redmond,ves,energy,berghoff,saturn,unit,haeger,kumtel,boyscout,vitek,koopman,maxwell,sinbo,dam,scarlett,prc,first,dsp,polaris,clatronic"
stationery,High-end brand,canon
piano,High-end brand,"medeli,kurzweil,korg,roland"
headphone,Affordable brand,"m-audio,alctron,gamemax,gigabyte,meizu,akg,cowon,fiio,philips,vox,parrot,alesis,behringer,xiaomi,casio,fostex,marshall,audio-technica,westone,hifiman,gamdias,sennheiser,kingston,nokia,presonus,avermedia,panasonic,huawei,creative,pioneer,ergo,edifier,honor,beats,tascam,beyerdynamic"
shirt,Budget brand,"conceptclub,vilatte,puma,noppies,myprotein,sabyrzhanayrin,dion"
shoes,Budget brand,"miescarpe,eltempo,legre,strobbs,peak,lealelo,fassen,derspur,gioseppo,face,pablosky,puma,minimen,biomecanics,millionaire,marko,fischer,saniano,tamaris,bartek,nanga,caprice,betsy,rieker,lauravalarosa,solostyle,sterntaler,catunltd,indiana,skechers,destra,xti,garvalin,asics,escan,onhillsport,shoesrepublic,ag,remonte,keddo,adidas,spur,estomoda,ciaobimbi,glam-forever,baden,marcomen,tesoro,suave,agatharuizdelaprada,saucony,rooman,shagovita,respect,baratto,kapika,converse,crosby,nexpero,aladen,walkmaxx,alaskaoriginale,babybotte,vans,marcotozzi,rheinberger"
videoregister,Mid-range brand,blackvue
carriage,Affordable brand,"hauck,espiro,goodbaby,glamvers,brevi,osann,evenflo,babyzz,kiddy,rant,skillmax,capella,babykiss,joie,babysinq,maxi-cosi,chicco,nuna,benebaby,bartplast,philandteds,peg-perego,wingoffly,jetem,belecoo,indigo,graco,kacper,lorellibolgaria,omnio,alis,bair,joe,adil,quatro"
dishwasher,Mid-range brand,"electrolux,flavia,fornelli,haier,zanussi,korting,candy,samsung,schaublorenz,fagor,franke,hotpoint-ariston"
toster,Mid-range brand,"delonghi,electrolux"
monitor,Affordable brand,"benq,philips,huntkey,qmax,reshin,aoc,iiyama,gamemax"
components,Budget brand,"ecs,hiper,crown,bona,iddis,hyperx,id-cooling,bamboo,gembird,gamerstorm,mam,damixa,daniel,parus,gerdamix,ocz,kaledomino,adata,air-cool,teamgroup,pccooler,chieftec,ampm,rossinka,patriot,aardwolf,aerocool,neptun,esko,deepcool,lite-on,slezakrav,kingmax,seagate,remer,yota,cobra,wintek,ecocool,drop,raidmax,titan,decoroom,rubineta,segotep,cougar,coolermaster,drgans,enermax,sandisk,geil,sven,goodram,transcend,plextor,crucial,calorie,gran-stone,leven,v-color,apacer,supermicro,verbatim,vortex,hynix,noctua,airmax,hgst,chenri,biostar,voda,acd,akor,zalman"
tools,High-end brand,"schneider,telwin,tarlan,kaiser,bork,festool,pedrollo,lutian,senci,jasic,kipor,helix,dab,caiman,husqvarna,livnynasos,inter,firman,hitachi,lux-tools,kelet"
personal,Mid-range brand,housefit
steam_cooker,Budget brand,"ibili,maman,polaris,centek"
hood,Affordable brand,"faber,simfer,maunfeld,gefest,artel,bosch,dauscher,indesit,beko,zorg,gorenje,mbs,hansa,elica,kronasteel,cata,electronicsdeluxe,midea,darina,akpo,elikor,monsher,shivaki,jetair"
tools,Affordable brand,"sibrteh,speroni,karcher,aeroforce,hyundai,cameo,bosch,magnetta,kitfort,cmi,elitech,force,dewalt,dremel,kaierda,laston,tch,midea,leo,philips,bestway,wert,xiaomi,forza,huter,denzel,aiken,ikea,esab,carver,stalker,felisatti,paton,maysun,ken,gmslivgidromasao,kress,resanta,hilti,tefal,ryobi,mantra,gardena,einhell,helvi,zubr,polti,mcculloch"
skirt,Affordable brand,omero
pillow,Affordable brand,"ikea,mio,xiaomi,adamas,vegas,askona"
furniture,Affordable brand,"ersport,vmv,graco,stiga,chicco,glamvers,adamas,redford,oribel,jika,schardt,akvaton,llarri,kolo,mozgamebel,cersanit,brevi,joie,efp,vista,skv,gerbor,mantra,estap,chairman,bts,mebels,inspiwood,jetem,tridevatoecarstvo,fengnix,domini,dardav,borovici,smk,barty,kmk,maxi-cosi,uomo,akvarel,bambini,domani-spa,ventara,alavann,polini,nuna,santek,fant-mebel,opadiris,avrora,maribel,kolpasan,satura,mio,futura,skandika,brw,signal,vegas,mamadoma,genau,creavit,davita,kale,askona,besafe,creo,stendmebel,belecoo,mebelson,xiaomi,quatro,aqualife,misty,halmar,heyner,ikea,forminabanyo,listvig,skillmax,kirovit,zara,mebelswow-rn,lel,vasden,skv-kompani,bohemia,stolline,olmeko,incanto,v-unic,hauck,vitra,kiddy,popov,creoceramique,interlink,ferrari,peg-perego"
trainer,Mid-range brand,"housefit,sportelite,proteus,chaod,evo,startline,hanma"
tennis,Budget brand,"joerex,babolat,doublefish,wilson"
toster,High-end brand,"bork,kitchenaid,smeg"
alarm,Mid-range brand,"pandora,dowontec"
grill,Affordable brand,"gorenje,cmi,demiray,arnica,tefal,kitfort,bosch"
sock,Affordable brand,"joie,maxi-cosi,chicco"
personal,High-end brand,"garmin,bork,casada"
tv,Mid-range brand,"toshiba,vestel,sony,haier,samsung,blaupunkt,lg"
dress,Affordable brand,"tomfarr,hayali,omero"
chair,Mid-range brand,"simpleparenting,cam,sv,inglesina,stokke,ashleyfurniture,recaro,komfort-s,adamex,lifedeco,fly"
auto,High-end brand,"garmin,schneider,remeza"
desktop,Budget brand,"manhattan,razer,logitech,cobra,ritmix,polaris,delux,trust,sven,barneo,crown,deluxe,aerocool,microlab,genius,remix,acme,jbl,gembird,defender,zeta,brateck,cnd,cougar"
videocards,Budget brand,geil
generator,Budget brand,"galaxy,p.i.t.,stanley,bene,saturn,rowenta,kolner,vitek,scarlett,elenberg,eurolux,clatronic,alteco,maxwell,polaris"
hob,Mid-range brand,"electrolux,schaublorenz,hp,korting,danke,samsung,zanussi,franke,candy,hotpoint-ariston,haier,fagor,svar,fornelli"
desktop,Mid-range brand,"cameron,komfort-s,e-blue,hp,nowystyl,vectron,intel,sv,basic,lifedeco"
keyboard,Mid-range brand,"hp,microsoft"
apparel,High-end brand,"egg,sergiorossi,weekend,cybex,seed,mima"
saw,High-end brand,"hitachi,festool,husqvarna"
power_supply,Affordable brand,"hec,seasonic,corsair,thermaltake,gamdias,r-senda,huntkey,gamemax,fractaldesign,roeyuta,nzxt,gigabyte"
table,High-end brand,"gomeldrev,kettler,pinskdrev,molodecnomebel,aero"
piano,Affordable brand,"casio,m-audio,ava,alesis"
memory,High-end brand,"smart,hpe,dell,lenovo"
sock,Mid-range brand,"bumbleride,larktale,inglesina,quinny"
pillow,Budget brand,"kupu-kupu,miromaks,almaks,selena,spalenka,stolicatekstila,ecotex,magkijson,edelvejs,sonnaaskazka,tamish,mirodel,ol-tex,bio-tekstil,avrorateksdizajn,candide,mariaiskusnica,ekonomia,madamecoco,verossa,alvitek,sonoterra,adel,smarttextile,arua,belashoff,kroskindom,legkiesny,tradiciatekstila,osminozka,tesma,stilvasejspalni,edem,monro,intex,vesta,dormeo"
cartrige,Affordable brand,"xiaomi,panasonic,xerox,ricoh,epson,akvafor,phoenix"
grill,High-end brand,"bork,weber"
sport,Mid-range brand,"dahon,sunday,proteus,hanma,thule,gaint,author,kona,evo,gt,burton,lg,wethepeople,sportelite,stark,libtech,dk,kink,bfsnowboards,fly,startline,liv,head,schwinn,housefit,chaod,alpina,dynastar,volkl,gnu"
cpu,Mid-range brand,"intel,hp"
cooler,High-end brand,"msi,asus"
saw,Mid-range brand,"milwaukee,fubag,metabo,al-ko,stihl,makita,mateus"
sport,Affordable brand,"ride,evrodetal,longstyle,smartrike,trinx,novatrack,elan,salomon,stiga,glamvers,aist,fenix,qplay,kpt,lux,biwec,racer,konlega,bodysculpture,domyos,mongoose,lamborghini,nordica,roxy,axis,xiaomi,jinyuan,bentley,santacruz,torrent,rossignol,forward,atlant,atomic,scool,cliff,peruzzo,micio,progress,phoenix,haro,mooveandfun,altair,santa-cruz,everlast,columbia,stinger"
toster,Budget brand,"redmond,galaxy,polaris,vitek,scarlett,bene,saturn,geneticlabnutrition,maxwell,smile,natrol,nutrex,hottek,now,fit-rx,sakura,unit"
painting,Affordable brand,"bosch,ryobi"
jeans,Mid-range brand,persona
compressor,High-end brand,"schneider,remeza"
clocks,Mid-range brand,"lg,versus,alpina,traser,samsung,suunto,roamer,balmain,polar,zinvo,michaelkors"
ski,Affordable brand,"atomic,rossignol,salomon,nordica,columbia,elan"
memory,Budget brand,"apacer,geil,hynix,crucial,patriot,adata,v-color,transcend,teamgroup,hyperx"
coffee_machine,Budget brand,"bene,vinzer,vitek,scarlett,redmond,centek,maxwell,polaris,sakura,saturn,first,galaxy,sinbo"
tshirt,Affordable brand,"hayali,fila,columbia,harley-davidson,nike,jordan"
computers,Mid-range brand,"his,basic,kyocera,vectron,cameron,palit,intel,hp,pny,e-blue,haier,gainward,lifedeco,lg,samsung,toshiba,microsoft,komfort-s,nowystyl,sv"
auto,Affordable brand,"kenwood,heyner,alpine,playme,teslastyle,subini,prology,einhell,magnetta,artway,laston,neoline,inspector,autoline,incar,tec,imx,denzel,stonelock,tomahawk,zubr,xiaomi,pandect,avis,sho-me,pioneer,magma,newco,mydean,ams,trendvision,prestige,berkut,starline,stinger,goodyear,ryobi,intego,mio,cardrox,hyundai"
toys,Budget brand,"roxykids,stuntcar,huanger,educo,azbukvarik,potatohead,fancy,lorelli,dickietoys,munchkin,la-di-da,restar,ouaps,wowwee,nici,sigikid,playmates,kskids,basik,doubleeagle,welly,starwars,elbasco,huile,mz,tinytoes,sozzy,ty,bestoy,puzzles,melissadoug,skytech,vladitoys,battat,castorland,lorelli-bertoni,nizegorodskaaigruska,x-game,woddon,auldey,sulongtojs,wltoys,magicbeartoys,tedmyfriend,zegan,metoo,altacto,barbie,metoyou,plitex,weina,orange,educa,disney,origami,ortopazl,wangfeng,fisherprice,grow-with-me,skazocnyjpatrul,keenway,fisher-price,rw,traxxas,gulliver,twistclimbingcar,i-baby,os,jazwares,vulli,jjrc,baboo,intex,furreal,melidadi,sgary,scruff-a-luvs,callida,henglei,steppuzzle,kroskaa,derevaski,wincars,timbergroup,fornite,xieming,vdovichev,kiddieart,trefl,zuru,hap-p-kid,maisto,simba,mioshi,ladida,cubicfun,silverlit,rastar,dickie,wster,hasbro,yh,alilo,vtech,hotwheels,budibasa,yoyofactory,b-kids,bertoni,polese,softoy,kakadu,pituso,tomik,abtoys,lapkin,playgro,tigres,monchhichi,jiada,mefferts,buttonblue,zajkami,frozen,playlab,syma,tmnt,rubiks,kingmeda,dodo,zapfcreation,sekiguchi,hb,viga,bburago,robocarpoli,zazu,playskool,jimcarrey"
accessories,High-end brand,"schneider,garmin,neo,asus,weekend,remeza,lenovo,acer,apple,dell"
faucet,Mid-range brand,"lg,franke,am.pm,grohe"
audio,Mid-range brand,"olympus,torgue,peavey,samsung,fly,norman,candy,microsoft,arturia,audison,soundking,sony,shure,tanglewood,headrush,epiphone,magaudio,bose,yamaha,hp,lg"
dishwasher,High-end brand,"kaiser,teka,smeg,kuppersberg,bompani,whirlpool,siemens"
soldering,Budget brand,stayer
hdd,High-end brand,"dell,hpe,hitachi,lenovo"
personal,Budget brand,"kangkang,saturn,junte,carhome,bradex,moser,sonar,wellneo,unit,wahl,vitek,momert,lumme,willmark,agu,shima,zelmer,remington,elenberg,bene,centek,polaris,maestro,babylisspro,ermila,rowenta,gezatone,galaxy,maxima,imetec,ramili,beurer,promozer,medisana,bodykraft,maxwell,hada,omron,irest,bbk,aeg,babyliss,kiepe,matrix,marta,hottek,haday,scarlett,redmond,first,acme,sakura,masstone,smile"
photo,Mid-range brand,"sony,olympus"
acoustic,Mid-range brand,"epiphone,samsung,norman,fly,bose,torgue,headrush,magaudio,tanglewood,yamaha,peavey,candy,sony,lg,soundking"
electronics,High-end brand,"vivitek,sevenfriday,gretsch,msi,xgimi,mido,tamron,louiserard,ecler,edox,korg,dynacord,nikon,fender,neumann,hisense,blam,bulova,canon,kuppersbusch,lenovo,oneplus,certina,electro-voice,hamilton,blg,google,mackie,samson,asus,liberty,jamo,bomberg,optoma,rado,acer,seiko,leem,canton,proel,biema,oris,medeli,dji,longines,preciosa,viewsonic,suzuki,roland,otan,kurzweil,kef,rcf,adam,turbosound,tissot,garmin,takamine,skyworth,apple,studiomaster,krk"
dishwasher,Budget brand,aeg
hdd,Mid-range brand,"hp,samsung,intel,toshiba"
acoustic,Budget brand,"sven,audac,ovation,caravanmusic,naranda,microlab,joker,veston,cortland,jbl,madina,cvgaudio,homage,deviser,dsppa,trust,ortega,flight,itc,denn"
universal,High-end brand,"preciosa,herman,aldit,elitebohemia"
swing,Affordable brand,"graco,brevi,kampfer,idillia,maribel,babymoov,nuna,chicco,redford,joie"
swing,Mid-range brand,"inglesina,motivyotdyha,olsa,obi,stokke"
keyboard,High-end brand,"lenovo,dell,asus,msi,apple"
bag,Mid-range brand,"coccinelle,persona,cameron,thule,dometic,hp,coleman,ezetil"
mouse,Affordable brand,"gamdias,gamemax,xiaomi,gigabyte,kingston,thermaltake"
welding,High-end brand,"inter,telwin,jasic,kaiser"
bedroom,Mid-range brand,"rajton,stokke,orto-bed,komfort-s,luciasvetlaa,value,romack,mebbery.kz,mibb,mebelev,lifedeco,centrpravilnogosna,lider,mebelazii,sv,imperial"
notebook,High-end brand,"msi,dreammachines,lenovo,asus,acer,dell,apple"
glove,Budget brand,"leone,fabretti,adidas,inflame,five,rdx,velo"
peripherals,High-end brand,"msi,asus,apple,smart,acer,canon,lenovo,aorus,dell,viewsonic"
oven,Budget brand,"saturn,polaris,asel,elenberg,redmond,bbk,scarlett,aeg,akel,galaxy,maxwell,oasis,luxell,smile"
bath,Mid-range brand,"roca,am.pm,universal,belux,triton"
pump,High-end brand,"senci,dab,kelet,pedrollo,lutian,helix,livnynasos,tarlan,firman"
ballet_shoes,Affordable brand,greyder
dress,Budget brand,"noppies,sly,annaanna,vilatte,mltl,aivengo,conceptclub"
"",High-end brand,"robotis,proxima,scott,mosconi,kelet,yuneec,kogaz,robobloq,nux,festool,jura,peda,ocag,aero,daewoo,jupiter,tuff,wolf,chopard,aerosystem,omabelle,neman,yjfitness,voltajr,hre,baroque,kettler,garmin,strikemaster,celine,gf,kurzweil,mapex,ardesia,capanni,bernina,musicroom,msi,arai,becker,dji,jumper,gretsch,mercury,medeli,konig,greenbike,dita,shiraz,trevorjames,enkei,zmonday,viking,lenovo,minelab,canton,preciosa,jkexer,libero,dyson,realflame,kolibri,triumphtree,jack,sabian,sports,sky-watcher,gladiator,canon,juki,marker,buderus,humminbird,robertobravo,kitchenaid,masteryard,kovi,babylock,molodecnomebel,americanmotionfitness,camso,bork,asus,vissol,mak,honda,shogun,gitzo,alex,siemens,jasic,whirlpool,imperia,smart,weekend,defredesign,method,orla,fitlux,baige,hitachi,stockli,merrylock,powertec,riviera,unilux,alexandermcqueen,velositywheels,arba,pro-ject,kuppersberg,gemsy,trevi,navien,mima,lenso,mystar,korg,f-power,cronos,embawood,asustor,hygge,seanovo,niche,stolplit,harp,steelflex,kawai,nissan,kingsong,husqvarna,dayun,apple,rinnai,vard,idrobase,kranzle,sky,zwillingjahenckels,venta,liebert,alutec,kidkraft,leica,uno,baymak,vardoven,russia,lifegear,simonettaravizza,kiturami,tianzhanfitness,shua,bulin,protherm,danau,neva,levante,viessmann,ats,markbass,synology,elna,cartier,ostamebel,lutian,meade,doohan,bugaboo,sergiorossi,casada,nikon,merach,sbw,fuel,fondital,k-power,suzuki,alkor,pentax,mykita,dell,novigo,k-star,smeg,qnap,cybex,rals,neo,sportop,pajak,roland,messer,lubimyjdom,micuna,keeway,rotiform,inmotion,carlsbro,fender,pinskdrev,helvetia,ralphlauren,radaway,liebherr,acer,xxr,booil,ampeg,calgaro,pearl,kgc,lux-tools,buffalo,teka,silva,sunsuki,invader,kaiser"
juicer,Budget brand,"maxwell,smile,saturn,redmond,unit,elenberg,vitek,scarlett,galaxy,clatronic,zelmer,polaris"
power_supply,Budget brand,"raidmax,sven,zalman,cougar,enermax,vortex,segotep,wintek,airmax,coolermaster,hiper,aerocool,deepcool,air-cool,crown,chieftec"
costume,Budget brand,"aivengo,conceptclub,annaanna,tyr"
bedroom,Affordable brand,"stendmebel,askona,schardt,satura,nuna,dardav,polini,vmv,domini,tridevatoecarstvo,ikea,kmk,brw,v-unic,mio,glamvers,joie,vasden,brevi,bambini,incanto,olmeko,skv-kompani,vegas,uomo,llarri,lel,skv,mozgamebel,chicco,borovici,gerbor,davita,redford,bts,adamas,mebelson,xiaomi,graco"
sandals,High-end brand,sergiorossi
appliances,Affordable brand,"darina,optima,pika,felisatti,kenwood,konov,cata,gefest,ferre,zerten,ilife,aletant,beko,chayka,arg,almacom,master,akpo,gipfel,jaguar,x-foot,runwin,zubr,yamaguchi,evgo,maunfeld,einhell,gorenje,ariston,demiray,xiaomi,xing,indesit,atlant,bosher,hintek,binatone,bosch,touchbeauty,stinol,dexp,moulinex,denzel,mcculloch,tcl,sibrteh,flama,brother,janome,naomi,midea,klima,carver,magnetta,pangao,homeelement,fresh,leader,bts,hoover,biemmedue,kronasteel,karcher,horizont,faber,birusa,zobo,braun,rebus,beaba,elica,nutribullet,toyota,oursson,thermex,panasonic,teploross,singer,mbs,atlantic,leadbros,dauscher,polti,sencor,ikea,shivaki,starmix,thor,ryobi,delta,carino,ava,artel,gardena,jetair,kristal,monsher,annovireverberi,hansa,simfer,ariete,gutrend,dewalt,mrm-power,kitfort,electronicsdeluxe,veritas,greta,zorg,tefal,otex,oster,arnica,huawei,forza,elikor,hyundai,cmi,dahatsu,aoki,resanta,comfee,philips"
refrigerators,Budget brand,"willmark,snowcap,renova,ardo,deluxe,coolfort,elenberg,aeg"
swing,High-end brand,arno
trousers,High-end brand,weekend
jeans,Budget brand,"conceptclub,noppies"
winch,Affordable brand,denzel
cabinet,Affordable brand,"brw,mebelson,fant-mebel,vmv,akvarel,alavann,aqualife,misty,efp,bts,stendmebel,cersanit,satura,kmk,ikea,opadiris,akvaton,vasden"
vacuum,High-end brand,"dyson,irobot,bork,husqvarna,hitachi,hobot"
subwoofer,Mid-range brand,"audison,hp,sony"
steam_cooker,Affordable brand,"philips,panasonic,gorenje,tefal,braun,beaba"
music_tools,Mid-range brand,"arturia,yamaha"
sofa,Affordable brand,"askona,ikea,smk"
projector,Mid-range brand,"orimag,sony,cinemood"
telephone,Budget brand,"intex,maxvi,hiper,nobby,bravis,texet,jinga,micromax,keneksi,irbis,bq,olmio,k-lite,vertex,prestigio,elari,inoi"
electronics,Budget brand,"hoco,ovation,koss,ultrasone,jbl,acv,tesler,k-lite,kehan,monster,sades,troyka,defender,harper,tecno,jet,vibe,dlaudio,dunu,kicx,acme,sonda,maxvi,jinga,jabra,navitel,olto,sigma,yison,meike,intex,aula,bravis,joker,zalman,veston,inkax,veho,aimoto,marley,denn,nobby,qq,akai,rapoo,audiotop,infinity,acqua,celebrat,bluedio,graffitisound,wster,havit,inoi,bq,toro,flight,deviser,festina,continent,tp-link,homage,machete,global,razer,bluesonic,orico,clarion,lorus,nexttab,mark,crunch,jvc,prolike,swat,cougar,plantronics,olmio,naranda,hercules,kalenji,joyroom,itc,ipipoo,iwalk,canyon,superlux,moxom,skullcandy,gionee,invotone,steelseries,gembird,microlab,audac,numark,saturn,logitech,remax,danielklein,trust,prestigio,wuw,caravanmusic,nakamichi,elenberg,avatar,urbanears,delux,madina,tesoro,nady,swissline,qcyber,usams,cvgaudio,alphard,irbis,wonlex,sven,ritmix,siee,rombica,magnat,micromax,mykronoz,dagee,intro,fsd,honhongvictorygroupltd,zte,awei,vertex,ark,mystery,g-cube,ortega,elari,irit,keneksi,calypso,cortland,redragon,crown,genius,hyperx,maono,agu,borasco,soundstream,cnd,texet,hiper,meze,phantom,nuforce,manhattan,dsppa"
mixer,Budget brand,"unit,maxwell,scarlett,polaris,clatronic,elenberg,zelmer,vitek,redmond,saturn,galaxy,willmark,first"
shirt,Affordable brand,"jordan,harley-davidson,can-am,columbia,hayali,fila"
appliances,Budget brand,"delimano,berghoff,luxell,hada,smile,elenberg,teplokryma,renova,luazon,gezatone,ibili,babylisspro,wester,sess,masima,turbo,airline,rondell,zelmer,ramili,maxima,elvin,maman,sakura,aeg,haeger,maestro,moser,fissman,hausmann,barhatnyjsezon,engy,haushalt,haday,agu,nika,attribute,dam,bergner,scarlett,fit-rx,domasnijocag,ballu,vihr,natrol,nutrex,eurostek,akel,crown,lumme,alteco,autovirazh,dsp,akro,marta,ermila,humidifier,vitek,medisana,ves,olto,first,coolfort,geneticlabnutrition,imetec,hottek,momert,bbk,prc,snowcap,acme,boyscout,wellneo,kelli,sonar,blauberg,masstone,dogrular,deluxe,timberk,saturn,garanterm,delsot,promozer,shindo,eurogold,ventura,beurer,kiepe,unit,daiwerina,matrix,carhome,demark,polaris,regent,tristar,aston,ecoterm,stern,turboair,shima,rowenta,bradex,bodykraft,tramontina,nord,scoole,galanz,energy,stn,galaxy,p.i.t.,swissline,maxwell,etalon,irit,greentek,wellberg,daewooelectronics,redmond,rovus,termia,remington,perilla,profteplo,asel,household,aqua,clatronic,jata,omron,worwo,aquaverso,stanley,zass,aksion,junte,ardo,babyliss,kambrook,kumtel,centek,bene,yika,ewt,agness,irest,wahl,dasch,apollo,kraton,vinzer,dwt,homs,taller,ditreex,oasis,fais,kolner,gimi,sinbo,normann,kangkang,willmark,now,koopman,metalac"
toilet,Budget brand,"rosa,colombo,sanita,faans,gesso,santeri,iddis"
microphone,Affordable brand,"sennheiser,work,laudio,force,apart,beyerdynamic,akg,audio-technica,philips,alctron,behringer,rode,tascam,fame,stagg,pro-karaoke,avermedia,m-audio,kingston"
wallet,Mid-range brand,coccinelle
cpu,High-end brand,hpe
winch,Mid-range brand,t-max
universal,Budget brand,"modern,illumico,bayerlux,mica,alfa,svetogor,lidonet"
kettle,High-end brand,"smeg,neo,bork,kaiser,kitchenaid"
dolls,Affordable brand,"jakkspacific,spinmaster,hightechway"
microwave,Mid-range brand,"zanussi,electrolux,franke,lg,candy,korting,hotpoint-ariston,fornelli,samsung"
table,Budget brand,"deluxe,homeart,barneo"
bedroom,High-end brand,"pinskdrev,embawood,silva,giornonotte,grandmanar,permanence,micuna,stolplit"
shoes,High-end brand,"weekend,sergiorossi"
clocks,High-end brand,"preciosa,tissot,bulova,hamilton,otan,garmin,edox,certina,bomberg,louiserard,longines,seiko,apple,sevenfriday,oris,rado,mido"
faucet,High-end brand,"teka,smeg,jacobdelafon,kuppersberg"
tshirt,Mid-range brand,persona
player,Affordable brand,"teslastyle,prology,cardrox,ams,incar,mydean,pioneer,imx,kenwood,alpine,autoline"
printer,Budget brand,lexmark
bed,Budget brand,"lorelli,mojmalys,astrid,pituso,lorelli-bertoni,mebelcon,everflo,globex,caramelia"
printer,Mid-range brand,"samsung,kyocera,hp"
generator,Affordable brand,"magnetta,wert,philips,polti,denzel,huter,midea,stalker,tefal,karcher,xiaomi,ryobi,resanta,zubr,tch,cameo,kitfort,sibrteh,forza"
coffee_grinder,Affordable brand,"kitfort,bosch,gorenje,moulinex"
lawn_mower,Budget brand,"patriot,accumaster,alteco,ivt"
blender,Budget brand,"kambrook,delimano,first,lumme,scarlett,saturn,redmond,galaxy,sakura,vitek,maxwell,polaris,centek,unit,maxima,tristar,sinbo,bene,elenberg,willmark,daiwerina"
cooler,Affordable brand,"almacom,thermaltake,corsair,amd,gamemax,nzxt,midea"
jumper,High-end brand,weekend
videoregister,Budget brand,"avel,defender,ridian,anytek,ibox,cenmax,deluxe,fujida,harper,mystery,ritmix,swat,prestigio,vicovation,axper,texet,intro,stealth,transcend,bluesonic,navitel,camshel"
carriage,High-end brand,"dsland,egg,anex,mima,seed,mutsy,tako,cybex,hartan,noordi,junama,hamilton,bugaboo,babyzen"
ski,High-end brand,"kessler,stockli"
bathroom,High-end brand,"sharking,libero,jacobdelafon,senspa,ravak"
trainer,Affordable brand,"cliff,mooveandfun,longstyle,kpt,domyos,jinyuan,everlast,konlega,bodysculpture"
smartphone,Budget brand,"micromax,zte,irbis,gionee,jinga,inoi,bravis,hiper,ark,vertex,texet,tecno,bq,prestigio,tp-link"
sandals,Budget brand,"suave,spur,caprice,tesoro,indiana,pablosky,garvalin,keddo,crosby,respect,rieker,rooman,biomecanics,lealelo,minimen,agatharuizdelaprada,remonte"
environment,High-end brand,"kelet,rinnai,husqvarna,hobot,karma,tigerking,aux,sunsystem,firman,dyson,irobot,mdv,kaiser,wing,chigo,cooperhunter,bork,hitachi"
keds,Affordable brand,"anta,tuffoni,salomon,fila,jordan,columbia,nike,reebok,hoka,bugatti,rovigo,etor,greyder,salamander"
snowboard,Mid-range brand,"gnu,thule,libtech,bfsnowboards,burton"
bicycle,High-end brand,"cube,pinarello,specialized,hadaa,cannondale,i-velo,trek,giant,wh,greenbike,bafang,ekobike,masi,merida,tailg,eltreco,zpao,scott"
massager,Mid-range brand,housefit
hob,Budget brand,"luxell,saturn,crown,vitek,dsp,smile,maxwell,oasis,aeg"
soldering,Affordable brand,zubr
keds,Budget brand,"marko,garvalin,biomecanics,catunltd,remonte,strobbs,crosby,saucony,puma,rooman,millionaire,marcotozzi,adidas,peak,spur,fassen,caprice,tamaris,shagovita,baden,rheinberger,respect,rieker,vans,estomoda,bartek,asics,gioseppo,keddo,agatharuizdelaprada,converse,nexpero,face,tesoro,pablosky,escan"
construction,High-end brand,"kaiser,inter,dab,lux-tools,jacobdelafon,caiman,kuppersberg,hitachi,livnynasos,bork,teka,jasic,husqvarna,smeg,firman,lutian,festool,helix,telwin,kelet,tarlan,schneider,kipor,senci,pedrollo"
oven,Mid-range brand,"candy,fagor,haier,korting,samsung,schaublorenz,electrolux,delonghi,msb,milano,franke,zanussi,svar,hotpoint-ariston,fornelli"
notebook,Affordable brand,"xiaomi,ilife"
oven,High-end brand,"kuppersberg,smeg,bompani,hisense,ardesia,smalvic,neo,teka,whirlpool,siemens,kuppersbusch,kaiser,nodor,bork"
toys,Mid-range brand,"aurora,adamex"
hair_cutter,Budget brand,"scarlett,babyliss,vitek,first,maestro,sonar,rowenta,elenberg,moser,wahl,willmark,galaxy,polaris,maxwell,promozer,remington,babylisspro,saturn,ramili,kiepe,imetec,bene,ermila"
chair,Budget brand,"mc,siger,babyhit,dobroparov,globex,selby,cepeckaamf,tizo,sitparad,teknum,monkey,zeta,mifold,maja,bertoni,matrix,aerocool,emily,baby,lorelli-bertoni,karapuz,nania,zlatek,babygo,bambola,nika,sheffilton,babys,barneo,lorelli,stryj,shenma,pituso"
tools,Mid-range brand,"al-ko,wagner,bissell,lg,kronwerk,etaltech,aurora,zongshen,fubag,makita,sinusprofi,mateus,redbo,stihl,hp,milwaukee,metabo,yuandong,wilo"
computers,Budget brand,"segotep,vortex,delux,redragon,lexmark,leven,jbl,patriot,polaris,hyperx,cnd,logitech,mars,cobra,plextor,biostar,pccooler,rapoo,gembird,enermax,barneo,mam,orico,ocz,chenri,adata,hiper,supermicro,titan,transcend,chieftec,razer,ritmix,remix,teamgroup,zwerg,air-cool,microlab,sven,cougar,genius,airmax,hynix,frozen,konoos,noctua,trust,d-link,epicgear,id-cooling,acme,irbis,lite-on,aardwolf,prestigio,crucial,aerocool,raidmax,kingmax,deluxe,seagate,harper,global,verbatim,hgst,x-game,apacer,sandisk,deepcool,hibertek,coolermaster,zeta,geil,bona,v-color,ecs,gamerstorm,defender,goodram,manhattan,canyon,steelseries,tesoro,smartbuy,ecocool,crown,brateck,zalman,wintek,acd"
alarm,Budget brand,"centurion,cenmax,scher-khan,davinci,alligator"
screw,Mid-range brand,"milwaukee,makita"
peripherals,Mid-range brand,"hp,samsung,lg,kyocera,microsoft,e-blue"
kettle,Mid-range brand,"hotpoint-ariston,electrolux,melitta,delonghi"
pump,Mid-range brand,"kronwerk,makita,metabo,mateus,wilo"
cartrige,Budget brand,"colorway,originalamnet,barer,colorfix,powerplant,aquamarine,sakura,premier,crown,nvp,nvprint,europrint,katun,superfine"
water_heater,Budget brand,"aqua,willmark,etalon,regent,metalac,oasis,fais,redmond,delimano,garanterm,aquaverso"
music_tools,Budget brand,"akai,denn,tesler,cortland"
jeans,High-end brand,weekend
motherboard,Affordable brand,"gigabyte,colorful,foxconn,asrock"
washer,High-end brand,"whirlpool,siemens,smeg,daewoo,teka"
air_conditioner,High-end brand,"chigo,mdv,aux"
music_tools,Affordable brand,"m-audio,alesis,casio,ava"
sewing_machine,Affordable brand,"leader,veritas,aoki,naomi,jaguar,brother,toyota,janome,chayka,singer"
coffee_grinder,Budget brand,"maxima,first,galaxy,vitek,redmond,kambrook,maxwell,scarlett,bene,saturn,polaris"
subwoofer,High-end brand,"blam,canton"
water_heater,Mid-range brand,"gree,electrolux,haier,hubert"
lawn_mower,High-end brand,"yardforce,husqvarna,lux-tools,viking"
tennis,Mid-range brand,"startline,head,fly"
chair,Affordable brand,"nuna,peg-perego,maxi-cosi,signal,barty,maribel,listvig,domini,heyner,graco,brevi,jetem,chairman,stolline,oribel,polini,mamadoma,kiddy,ikea,belecoo,ferrari,skillmax,glamvers,avrora,halmar,quatro,joie,besafe,hauck,chicco"
drill,Budget brand,"oasis,dwt,bossh,kalibr,enkor,alteco,nexttool,mustang,edon,graphite,vihr,ivt,wortex,stanley,p.i.t.,hammer,military,texa,kolner,patriot,total,pit,wester,mekkan,crown"
bath,High-end brand,"sharking,libero,jacobdelafon,ravak"
shoes,Mid-range brand,"alpina,fly,head,burton,persona"
pump,Affordable brand,"cmi,karcher,bestway,zubr,magnetta,ryobi,einhell,huter,hyundai,leo,denzel,gardena,gmslivgidromasao,forza,speroni"
mixer,Mid-range brand,electrolux
auto,Budget brand,"flashpoint,cenmax,axper,kolner,whistler,centurion,navitel,fujida,davinci,transcend,torso,wurth,autoprofi,ritmix,novabright,erisson,telefunken,texet,hellion,stealth,prestigio,airline,ibox,harper,chameleon,parkmaster,tpmaster,avs,nakamichi,maakavto,alca,intro,cityup,defender,camshel,bluesonic,ravenol,alligator,kingtony,voin,mystery,clarion,acv,tornado,scher-khan,swat,autovirazh,crunch,vicovation,anytek,jvc,avel,deluxe,alteco,ridian"
bathroom,Affordable brand,"jika,kolo,kale,forminabanyo,vitra,creoceramique,santek,zara,estap,creavit,cersanit,mio,kirovit,domani-spa,creo,kolpasan"
sofa,Mid-range brand,"imperial,komfort-s,asm,htw"
sewing_machine,High-end brand,"juki,merrylock,jack,bernina,elna,babylock,family"
fan,High-end brand,bork
screw,Affordable brand,bosch
moccasins,High-end brand,weekend
blanket,Affordable brand,"ikea,askona"
videocards,Mid-range brand,"gainward,palit,hp,his,pny"
pump,Budget brand,"intex,alteco,greenpro,oase,fit,sti,stermay"
accessories,Mid-range brand,"sony,blackvue,dowontec,aurora,thule,coccinelle,cameron,ezetil,dometic,coleman,pandora,metabo,hp,mateus,persona,farcar,kaier,fubag,t-max,winca,redpower"
audio,Affordable brand,"edifier,element,ergo,hifiman,rode,groundzero,energysistem,rockdale,force,aces,admira,panasonic,pro-karaoke,kingston,parrot,ural,beats,hertz,aria,gladen,ava,nokia,alpine,behringer,stagg,adagio,martinez,heco,kenwood,gamemax,beyerdynamic,tascam,fame,squier,sennheiser,akg,focal,work,bosch,parkwood,alctron,pioneer,crusader,cort,xiaomi,enya,westone,gigabyte,edge,apart,avis,vox,creative,fiio,ibanez,fli,amistar,alesis,m-audio,gewa,fostex,kicker,casio,honor,gamdias,caraya,cowon,morel,huawei,avermedia,marshall,audio-technica,dls,philips,alvarez,pride,laudio,prology,meizu,presonus"
videocards,High-end brand,"asus,msi,evga"
videocards,Affordable brand,"sapphire,amd,gigabyte,zotac,colorful,asrock,afox,powercolor,sinotex"
living_room,Mid-range brand,"komfort-s,simpleparenting,mebelservice,anreks,mojdodyr,mibb,botticelli,imperial,htw,roca,adamex,recaro,asm,obi,lifedeco,sv,inglesina,stokke"
refrigerators,Mid-range brand,"zanussi,korting,haier,lg,dometic,schaublorenz,pozis,vasin,snez,samsung,candy,ezetil,franke,electrolux,hotpoint-ariston"
compressor,Mid-range brand,"metabo,aurora,fubag,t-max,hp,mateus"
electronics,Affordable brand,"prology,oukitel,adriatica,royallondon,storm,groundzero,alctron,misfit,fitbit,pride,withings,creative,alvarez,casio,audio-technica,dexp,epson,sjcam,beats,leatherman,gigabyte,ingersoll,akg,momentum,parrot,citizen,honor,gamdias,kicker,marshall,doogee,aces,fli,gamemax,tcl,calvinklein,element,alesis,squier,westone,armani,kingston,swissmilitaryhanowa,yasin,claudebernard,diesel,zoom,nubia,parkwood,m-audio,huion,stagg,crusader,jaguar,edifier,pro-karaoke,amistar,rode,xiaomi,fossil,orient,hanowa,boccia,zeppelin,shivaki,leagoo,avermedia,rebus,jacqueslemans,enya,aria,energysistem,skagen,heco,apart,pioneer,avis,sennheiser,behringer,bosch,fame,ava,nokia,focal,hifiman,rockdale,kenwood,panasonic,presonus,ikea,ergo,changhong,cowon,dauscher,ricoh,meizu,horizont,fostex,nomi,huawei,martinez,cover,artel,gewa,hertz,gladen,versace,work,tascam,vox,pierrericaud,philips,ibanez,motorola,aoc,caraya,detomaso,fujifilm,kivi,wacom,adagio,force,admira,swatch,dls,pierrelannier,dune,byintek,htc,edge,laudio,romanson,cort,arg,pebble,morel,ural,fiio,beyerdynamic,dkny,alpine"
components,Mid-range brand,"palit,am.pm,pny,toshiba,intel,his,gainward,lg,grohe,franke,hp,samsung"
construction,Mid-range brand,"makita,franke,redbo,wagner,kronwerk,aurora,stihl,am.pm,hp,milwaukee,etaltech,lg,mateus,sinusprofi,bissell,wilo,yuandong,metabo,fubag,al-ko,zongshen,grohe"
camera,High-end brand,"garmin,nikon,tamron,canon,dji"
snowboard,Affordable brand,"santacruz,evrodetal,atlant,biwec,ride,roxy,lux,santa-cruz"
audio,High-end brand,"turbosound,takamine,blam,biema,kef,studiomaster,ecler,electro-voice,blg,canton,rcf,fender,dynacord,samson,korg,gretsch,adam,proel,asus,kurzweil,leem,neumann,mackie,liberty,apple,jamo,medeli,roland,suzuki,msi,lenovo,acer,krk"
costume,Mid-range brand,"dragonfly,quiksilver,dcshoes,burton"
toilet,High-end brand,"jacobdelafon,senspa"
personal,Affordable brand,"arg,yamaguchi,ava,jaguar,gorenje,xiaomi,kenwood,touchbeauty,x-foot,dauscher,huawei,sencor,braun,bosch,pangao,oster,panasonic,philips,tefal,mrm-power,artel"
lawn_mower,Mid-range brand,"greenworks,stihl,makita,al-ko"
umbrella,Budget brand,"hoco,fabretti"
step_ins,Budget brand,"crosby,respect,rieker"
sport,High-end brand,"scott,fitnex,sportop,giant,americanmotionfitness,oxygen,kettler,tianzhanfitness,masi,tailg,wh,kessler,nordictrack,shua,pinarello,bafang,cube,eltreco,fitlux,trek,hadaa,steelflex,ekobike,casada,specialized,greenbike,stockli,merach,gf,merida,renegade,i-velo,cannondale,zpao"
drill,Affordable brand,"aeroforce,dewalt,tch,kress,hilti,felisatti,zubr,ken,elitech,ryobi,bosch,resanta,force,hyundai,einhell"
printer,Affordable brand,"xerox,epson,ricoh"
lawn_mower,Affordable brand,"cmi,gardena,huter,hyundai,dewalt,bosch,grinda,denzel,agrimotor,castelgarden,magnetta,ryobi,carver"
tv,Budget brand,"irbis,olto,swissline,bq,saturn,elenberg,jvc,harper"
iron,Budget brand,"centek,humidifier,vitek,polaris,unit,ventura,swissline,kelli,smile,scarlett,maxwell,willmark,greentek,elenberg,luxell,galaxy,saturn,redmond,maxima,eurostek,bene,rovus,first,marta,rowenta"
air_heater,Affordable brand,"runwin,sibrteh,almacom,master,dahatsu,carver,hintek,tefal,klima,denzel,zobo,forza,simfer,resanta,optima,zubr,hyundai,xiaomi,midea,magnetta"
espadrilles,Budget brand,"spur,rieker"
projector,Budget brand,honhongvictorygroupltd
hood,Mid-range brand,"hotpoint-ariston,franke,zanussi,best,candy,falmec,cameron,electrolux,samsung,danke,korting,haier,fagor"
dolls,Budget brand,"polese,x-game,hairdorables,imctoys,frozen,vesna,mattel,bayerdolls,gulliver,lol,funville,batman,fisher-price,wenyi,barbie,crybabies,hunter,steffilove,karapuz,magic,disney,hasbro,lalaloopsy,glimmies,sariel,llorens,bayer,shopkins,nella,bouncin,weitai,ourgeneration,lori,zapfcreation,miraculous,simba,defalucy"
skirt,Budget brand,"conceptclub,sly"
bag,High-end brand,"weekend,lenovo,acer,dell,asus,apple,neo"
air_conditioner,Mid-range brand,"hotpoint-ariston,nagano,gree,samsung,lessar,electrolux,haier,lg,fantasia"
keds,High-end brand,"weekend,sergiorossi"
fryer,Budget brand,clatronic
components,Affordable brand,"g.skill,asrock,wd,thermaltake,roeyuta,powercolor,seasonic,blanco,zotac,afox,gamemax,corsair,bravat,midea,sapphire,gskill,granfest,gamdias,florentina,omoikiri,lava,elleci,huntkey,westerndigital,ballistix,zeppelin,hec,teorema,kingston,ikea,foxconn,sinotex,almacom,genebre,micron,redblu,colorful,fractaldesign,amd,lemark,gigabyte,nzxt,r-senda"
parktronic,Affordable brand,"incar,pioneer"
jumper,Affordable brand,omero
notebook,Mid-range brand,"hp,microsoft,haier"
appliances,High-end brand,"ardesia,kaiser,mdv,alpicool,jura,firman,whirlpool,irobot,cooperhunter,neff,kitchenaid,krups,smalvic,kuppersberg,hisense,husqvarna,elna,rinnai,weber,smeg,tigerking,sunsystem,climadiff,dyson,jack,aux,bompani,dunavox,juki,siemens,babylock,nardi,bernina,laurastar,chigo,karma,hobot,nodor,kuppersbusch,ascoli,daewoo,neo,merrylock,family,bonvini,bork,skyworth,teka,casada,garmin,cellarprivate,hitachi,kelet,liebherr,cavanova,wing"
bicycle,Budget brand,"lorelli,bertoni,italtrike,ansmann,matrix,centurion,bmw,hycell,lorelli-bertoni,nitecore,babyhit,graffiti,stels,sigma,mars"
iron,High-end brand,"bork,laurastar"
ski,Mid-range brand,"alpina,head,volkl,dynastar"
meat_grinder,Affordable brand,"gorenje,dexp,arnica,artel,philips,panasonic,moulinex,kenwood,arg,dauscher,bosch,maunfeld"
auto,Mid-range brand,"pandora,fubag,sony,winca,kaier,hp,blackvue,t-max,mateus,dowontec,farcar,metabo,aurora,redpower"
radar,Budget brand,"crunch,ritmix,fujida,whistler,hellion,mystery,ibox"
kitchen,Mid-range brand,"cameron,vasin,dometic,bazhou,danke,fly,delonghi,komfort-s,pozis,fornelli,best,emer,zanussi,obi,hotpoint-ariston,snez,hp,schaublorenz,milano,sv,cam,inglesina,anreks,msb,haier,ezetil,samsung,flavia,adamex,stokke,hurom,fagor,falmec,melitta,candy,ashleyfurniture,franke,electrolux,char-broil,lg,korting,imperial,svar,startline,vestel"
accessories,Budget brand,"targus,helios,matex,autovirazh,moliabal,amen,crown,hellion,andromeda,prologic,soyntec,acron,bestlife,palisad,puma,nakamichi,tsv,sacvoyage,luris,transcend,jvc,swat,alteco,voin,saksi,trust,deluxe,outwell,easycamp,norfin,acv,jrc,portcase,matrix,airline,whistler,savagegear,sumdex,g-cube,shoiberg,flambeau,tucano,mystery,nexpero,zfts,miracle,kingtony,davinci,salmo,aquatic,dam,fujida,stanley,mad,trunki,stealth,telefunken,crunch,bluesonic,capline,defender,alligator,tpmaster,erisson,kingslong,continent,wurth,rieker,centurion,okuma,texet,navitel,voyager,manhattan,ritmix,autoprofi,tyr,maakavto,torso,avs,keddo,ravenol,a-elita,conceptclub,miracase,carpisa,cityup,tl,flashpoint,tonybellucci,kolner,tornado,petek,hama,parkmaster,vipe,ridian,canyon,alca,ibox,baden,clarion,hoco,intro,fisherman,remonte,respect,avel,harper,sarabella,anytek,rapala,chameleon,prestigio,rivacase,scher-khan,karya,fabretti,imax,stels,novabright,namazu,vicovation,camshel,fabrikakarteks,titan,picard,stayer,muqajankz,cenmax,axper"
massager,High-end brand,"bork,casada"
trousers,Budget brand,"myprotein,sly,puma,conceptclub,conte"
hdd,Budget brand,"hyperx,ocz,adata,seagate,goodram,leven,transcend,hgst,apacer,crucial,patriot,lite-on,plextor,kingmax,geil,sandisk,verbatim,teamgroup"
tablet,Budget brand,"bq,trust,genius,prestigio,elenberg,nexttab,navitel,irbis"
tshirt,High-end brand,weekend
monitor,High-end brand,"msi,dell,viewsonic,smart,aorus,acer,asus,lenovo"
country_yard,Budget brand,"prc,maclay,koopman,patriot,alteco,accumaster,palisad,ivt"
welding,Budget brand,"solaris,alteco,matrix,bovidix,stavr,eurolux,nexttool,temp,crown,enkor,energolux,kolner,edon"
table,Mid-range brand,"sv,komfort-s,anreks,bazhou,imperial,startline,emer"
desktop,High-end brand,"alser,pulser,silva,lenovo,dell,smart,asus,netechnics,avalon,neo,acer,evrika,apple"
hood,Budget brand,"shindo,turbo,homs,crown,akro,aeg,oasis,unit,deluxe,ardo,turboair,luxell"
ironing_board,Budget brand,"attribute,perilla,worwo,jata,haushalt,hausmann,dogrular,eurogold,dasch,nika,gimi"
stationery,Affordable brand,"ricoh,epson,akvafor,phoenix,panasonic,xiaomi,xerox"
kitchen,High-end brand,"bompani,weber,skyworth,ardesia,teka,krups,smalvic,cellarprivate,aero,kettler,hitachi,jura,neff,kuppersberg,liebherr,molodecnomebel,kaiser,climadiff,bork,cybex,neo,nodor,bonvini,alpicool,daewoo,hisense,whirlpool,dunavox,ascoli,micuna,nardi,kuppersbusch,mima,pinskdrev,gomeldrev,cavanova,smeg,siemens,kitchenaid"
juicer,Affordable brand,"arnica,braun,kitfort,panasonic,kenwood,sencor,moulinex,artel,philips,dauscher,bosch,gorenje,maunfeld"
massager,Affordable brand,"pangao,xiaomi,touchbeauty,yamaguchi,x-foot"
accessories,Affordable brand,"playme,newco,trendvision,denzel,bestway,teslastyle,intego,shimano,travelite,meizu,laston,cardrox,alpine,scierra,hyundai,pandect,dewalt,mydean,ryobi,pioneer,berkut,plano,sho-me,avis,neoline,mio,xiaomi,delsey,korin,zubr,nike,imx,ams,stinger,autoline,magnetta,subini,kenwood,heyner,arstisa,starline,roncato,tec,gross,bosch,artway,prology,incar,inspector,samsonite,prestige,einhell,magma,stonelock,goodyear,tomahawk"
videoregister,Affordable brand,"sho-me,stonelock,pioneer,tomahawk,mio,xiaomi,avis,neoline,trendvision,incar,playme,intego,prestige,artway,subini,alpine,inspector"
universal,Affordable brand,"ikea,futura,bohemia,mantra"
projector,High-end brand,"optoma,acer,canon,viewsonic,xgimi,vivitek"
telephone,Affordable brand,"nokia,philips,ergo,panasonic"
construction,Affordable brand,"forza,genebre,gmslivgidromasao,helvi,elitech,resanta,laston,ikea,karcher,tch,cmi,paton,ken,bravat,xiaomi,zubr,cameo,mantra,bestway,aiken,stalker,bosch,denzel,granfest,esab,force,florentina,mcculloch,kress,magnetta,wert,redblu,hilti,hyundai,dewalt,philips,ryobi,leo,elleci,sibrteh,huter,teorema,maysun,speroni,kaierda,lemark,felisatti,polti,aeroforce,midea,blanco,omoikiri,carver,tefal,gardena,dremel,lava,einhell,kitfort"
tablet,Mid-range brand,"microsoft,hp,samsung,xp-pen"
scales,Budget brand,"galaxy,elenberg,first,maxwell,medisana,bbk,bene,vitek,aeg,beurer,lumme,zelmer,saturn,smile,maxima,unit,omron,sakura,agu,momert,scarlett,polaris,marta,hottek,centek,redmond,acme"
audio,Budget brand,"trust,maono,cnd,dsppa,avatar,ipipoo,crown,sonda,olmio,monster,steelseries,joker,qcyber,invotone,razer,manhattan,flight,clarion,swat,moxom,zalman,acqua,veho,joyroom,meze,delux,sven,madina,logitech,naranda,phantom,magnat,usams,mystery,soundstream,caravanmusic,audac,akai,nady,acv,cougar,dlaudio,wuw,hyperx,celebrat,nakamichi,redragon,g-cube,borasco,microlab,machete,dunu,cortland,fsd,orico,urbanears,hercules,jvc,kalenji,nobby,crunch,marley,harper,elari,gembird,jabra,ortega,defender,tesoro,dagee,havit,meike,bluedio,iwalk,olto,rombica,nuforce,graffitisound,skullcandy,denn,continent,yison,superlux,sades,itc,mark,inkax,cvgaudio,hoco,audiotop,ultrasone,homage,veston,ovation,numark,rapoo,jbl,tesler,deviser,aula,plantronics,genius,remax,infinity,alphard,ritmix,global,wster,intro,acme,koss,awei,canyon,vibe,kicx,siee"
air_conditioner,Affordable brand,"atlantic,tcl,zerten,midea,otex,panasonic,beko,artel,shivaki,almacom,klima"
video,High-end brand,"skyworth,xgimi,canon,optoma,hisense,viewsonic,vivitek,kuppersbusch,garmin,dji,acer"
skates,Affordable brand,"phoenix,slider,altair,forward,xiaomi,biwec,ferrari,stiga,micro,cityrover,manke,longway,torrent"
tv,Affordable brand,"changhong,yasin,philips,horizont,dauscher,shivaki,panasonic,rebus,artel,aoc,tcl,dexp,arg,kivi,ergo,xiaomi,ava"
meat_grinder,Budget brand,"polaris,maxwell,saturn,galaxy,delimano,vitek,masima,elenberg,willmark,unit,olto,aksion,redmond,first,scarlett,greentek,zelmer,bene,lumme,kambrook"
slipons,Budget brand,"nexpero,caprice,respect,vans,tamaris,rieker,skechers,tesoro,spur"
kitchen,Affordable brand,"simfer,konov,oribel,artel,horizont,kristal,kronasteel,dauscher,indesit,ikea,avrora,gefest,kitfort,darina,v-unic,polini,rebus,cmi,domini,popov,aletant,midea,mamadoma,bosher,monsher,stinol,faber,ava,braun,beko,optima,maribel,kenwood,flama,ariete,mebelswow-rn,glamvers,xing,beaba,mebelson,moulinex,stiga,maunfeld,akpo,chicco,hauck,thor,almacom,delta,atlant,zorg,tefal,bts,davita,evgo,homeelement,brevi,mebels,jetair,xiaomi,fengnix,gerbor,demiray,elikor,ferre,genau,skandika,panasonic,electronicsdeluxe,inspiwood,cata,philips,greta,satura,vista,dexp,arnica,halmar,stendmebel,shivaki,elica,atlantic,ersport,signal,barty,skillmax,oursson,gipfel,birusa,comfee,gorenje,bosch,jetem,carino,brw,nuna,stolline,sencor,graco,listvig,joie,hansa,mbs,arg,nutribullet,peg-perego,leadbros"
light,High-end brand,"preciosa,aldit,elitebohemia,herman"
toys,Affordable brand,"xiaomi,parrot,roxy,hq,parklon,keter,sphero,hubsan,exost,rizmo,orbotix,spinmaster,peg-perego,nuna,oribel,chicco"
bed,Mid-range brand,"centrpravilnogosna,komfort-s,lifedeco,mibb,stokke,sv,mebelev,value,imperial,rajton,romack,lider,mebelazii,luciasvetlaa,mebbery.kz,orto-bed"
hob,High-end brand,"smalvic,nardi,nodor,kuppersberg,bompani,ardesia,siemens,kuppersbusch,kaiser,whirlpool,smeg,teka"
scales,High-end brand,garmin
light,Mid-range brand,"lg,lifedeco,metabo"
country_yard,Affordable brand,"ryobi,denzel,agrimotor,bosch,grinda,cmi,ventara,castelgarden,magnetta,dewalt,interlink,gardena,hyundai,huter,carver"
light,Affordable brand,"futura,ikea,maysun,mantra,philips,bohemia,xiaomi"
dress,Mid-range brand,persona
ironing_board,Mid-range brand,delonghi
chair,High-end brand,"bugaboo,mima,aero,micuna,cybex,pinskdrev,nik,gomeldrev"
tablet,Affordable brand,"wacom,huion,nomi,xiaomi,huawei"
power_supply,Mid-range brand,hp
costume,Affordable brand,"jordan,nike,glasman,hayali,daneildesch,roxy"
jumper,Mid-range brand,persona
welding,Mid-range brand,"aurora,fubag,redbo"
cartrige,Mid-range brand,"kyocera,hp,samsung"
parktronic,Budget brand,"flashpoint,erisson,cenmax,parkmaster"
bed,Affordable brand,"domini,chicco,incanto,vmv,askona,brevi,kmk,polini,mebelson,stendmebel,joie,redford,borovici,tridevatoecarstvo,bts,glamvers,vegas,vasden,davita,graco,skv,nuna,llarri,lel,gerbor,v-unic,ikea,schardt,satura,bambini,olmeko,uomo,mozgamebel,skv-kompani,dardav,brw"
radar,Affordable brand,"stinger,sho-me,neoline,intego,playme,magma,inspector"
step_ins,Affordable brand,"nike,greyder"
components,High-end brand,"jacobdelafon,hitachi,hpe,asus,teka,lenovo,evga,smeg,dell,msi,smart,kuppersberg"
computers,High-end brand,"evrika,neo,hitachi,alser,dreammachines,hpe,avalon,pulser,asus,silva,dell,netechnics,acer,aorus,apple,lenovo,msi,canon,evga,viewsonic,smart"
blanket,Budget brand,"ecotex,belashoff,dormeo,monro,verossa,alvitek,arua,vasilisa,ol-tex"
painting,High-end brand,schneider
water_heater,Affordable brand,"ariston,hyundai,midea,artel,almacom,fresh,klima,gorenje,teploross,atlantic,zerten,horizont,thermex,shivaki"
stationery,Mid-range brand,"kyocera,samsung,hp"
cultivator,Affordable brand,"ryobi,carver,huter,hyundai"
hair_cutter,Affordable brand,"arg,braun,jaguar,mrm-power,panasonic,oster,philips,touchbeauty"
cabinet,High-end brand,"stolplit,pinskdrev,silva,uta,lubimyjdom,molodecnomebel,permanence"
saw,Affordable brand,"sibrteh,leo,mcculloch,ken,bosch,hyundai,tch,huter,stalker,cmi,magnetta,zubr,carver,dewalt,ryobi,dremel,einhell"
peripherals,Budget brand,"harper,orico,x-game,ritmix,frozen,genius,gembird,konoos,canyon,hyperx,lexmark,rapoo,cobra,global,trust,d-link,manhattan,zwerg,hibertek,steelseries,epicgear,zalman,deepcool,defender,razer,delux,logitech,tesoro,mars,redragon,acme,cnd,smartbuy,crown,wintek,cougar,sven"
fmcg,Budget brand,"whito,joonies,mello,lovular,yokito,insinse,pampers,molfix,goo.n,huggies,moony,sabi,momi,merries,goon,sachiko,yoshioki,genki,manuoki,sweety"
skates,Mid-range brand,"maomaoku,kugoo,segway,freefeet,tomoloo,fitrider,candy,smoby"
camera,Budget brand,"d-link,trust,genius,acme,bluesonic,canyon,sven,prolike,defender,x-game,kehan,ritmix,razer,global,sigma,logitech,veho"
smartphone,Affordable brand,"motorola,huawei,nokia,honor,leagoo,oukitel,xiaomi,nubia,philips,htc,meizu,doogee"
environment,Affordable brand,"ava,teploross,gorenje,einhell,beko,zobo,tefal,fresh,thermex,otex,annovireverberi,bosch,xiaomi,kitfort,arnica,denzel,master,zubr,biemmedue,zerten,hyundai,simfer,horizont,felisatti,almacom,carver,artel,gardena,resanta,runwin,dahatsu,philips,cata,ariston,dauscher,sibrteh,ilife,shivaki,dexp,pika,karcher,mcculloch,tcl,panasonic,magnetta,dewalt,midea,klima,forza,hoover,optima,atlantic,hintek,ryobi,sencor,starmix,gutrend"
iron,Mid-range brand,hotpoint-ariston
video,Mid-range brand,"gopro,sony,vestel,samsung,orimag,cinemood,blaupunkt,lg,toshiba,haier"
drill,Mid-range brand,"hp,milwaukee,metabo,makita"
coffee_grinder,Mid-range brand,"melitta,delonghi"
pillow,High-end brand,micuna
juicer,Mid-range brand,hurom
dishwasher,Affordable brand,"beko,maunfeld,indesit,dauscher,gorenje,hansa,ikea,midea,bosch"
memory,Affordable brand,"zeppelin,gskill,ballistix,g.skill,corsair,gigabyte,kingston,amd"
environment,Mid-range brand,"haier,hotpoint-ariston,stihl,samsung,thomas,roborock,gree,metabo,fubag,nagano,bissell,danke,miele,volcano,hubert,milwaukee,lessar,electrolux,fantasia,deton,delonghi,lg,makita"
carriage,Mid-range brand,"tutis,mccan,maclaren,pegperego,circle,riko,lonex,adamex,joieanglia,verdi,larktale,moongmbh,easywalker,stokke,cam,slaro,bumbleride,hotmom,quinny,moon,hp,thule,inglesina,recaro"
"",Budget brand,"starmom,fleet,zaharov,acme,goldenrose,himalayaherbals,antares,ga-de,gabolparadise,ausini,smarttrike,doff,finish,freya,neocoregames,maxima,castorland,grape,ekel,secretkey,larocheposay,amalbooks,lagirl,chilokbo,franckolivier,steger,beautycreations,ronas,nero,welldone,adel,akom,feron,solostyle,lamarkahome,remonte,sbs,arktika,torres,rochas,hifly,usborne,ivy,cralusso,rockforce,leicos-leiya,moroshka,torch,estrade,idealspaten,valentino,gerkulesgames,khw,freshfruit,inteli,centara,tvs,ehome,eurolight,solarstorm,prestigio,polaroid,olivella,mauboussin,newbright,kromax,pjmasks,andromeda,tamiteks,svoboda,burberry,sindbad,bielita,smartbuy,baden,x-level,line,kstar,jocelyn,glimmeies,sunfull,academie,adile,clatronic,biotech,alissabeaute,iplay,rosmen,ivc,leiya,hola,machaon,privia,worth,silverlit,magformers,s.a.n.,fea,merlin,delkor,ngk,lioele,rinax,volsebnaanoc,garnier,paso,samo,digifriends,wess,sterntaler,damask,bd,sunwide,verran,eurosvet,knauf,dormeo,exnihilo,madamecoco,piter-trejd,fabretti,candylocks,della,teamgroup,laboratoriaznanij,sun,tramontina,wahl,princessemarinadebourbon,armandbasi,tl,capcom,mersco,himalaya,beyblade,vlk,werner,initioparfumsprives,crystal,colourpop,microlab,denso,bambola,naturerepublic,suda,fissman,coolmaker,tristar,merealni,muqaba,kovea,konami,ultravit,sparta,playland,natrol,kukmara,erichkrause,taller,erismann,oitez,ricco,razer,abris,ast,gazpromneft,telecom,botanica,instyle,dfc,collagen,banbao,hachette,banquet,farroad,halei,energybodysystems,kora,lada,hatchimals,collistar,picard,sofia,domcraft,gosh,babycare,bombbar,interos,lunecase,ewa,dickietoys,beeline,spider-man,momert,chub,kose,kineticsand,wincars,farmstay,marching,metsui,volta,dr.jart,airmax,odeonlight,unitedcolorsofbenetton,petro-canada,underarmour,astana,vargame,naturakamchatka,scarlett,nirmal,max,anon,topface,achilles,elysium,huanger,verico,selectiveprofessional,zebratoys,krasatoys,ibili,marmiton,plamers,tuctuc,swissimage,carters,on,classen,kohala,timberk,viteks,oscardelarenta,hausmann,miraculous,esthetichouse,ekolit,aoteli,rossia,monisstil,tizianaterenzi,ourgeneration,gelflex,tacki,lumion,daye,vira,rubelli,plitex,autolite,keumkang,palisad,kisswill,peppapig,karadium,lori,jvc,air-cool,k.k.y.,bibalina,cellucor,batiste,bosnic,ovk,studioprofessional,kastamonu,robins,bandainamco,zenzia,vasilek,gulliver,yasham,reluce,zancaster,lykan,berber,rasch,ves,psyonix,badlandgames,annaite,alondra,jsq,mikrotik,lexand,flormar,kirkland,kingroy,hellomaggie,akvalinia,rivakoch,lamelprofessional,berossi,izdatelskijdommeserakova,denn,bela,pilsan,crowdgames,tradiciatekstila,next,dunya,dunhill,rosa,sufix,rw,magnitoj,sonny,kirovskaakeramika,promozer,tobot,madcat,forcekraft,avene,a-case,majescogames,olimp-biznes,gehwol,autojet,vip,voltmaster,swat,tutu,scovo,bwt,acm,eaton,amico,meguin,naturepan,balta,stl,trust,domika,grattant,outwell,onkron,beijing,aquamarine,pubg,origami,karaja,jazwares,samga,alinapaint,tokler,stikbot,kosmos,lumme,zing,kolner,nokian,siee,accord,milavitsa,sporttovary,abtoys,tripplite,nereus,fitnessbody,madguy,goodgrill,lahn,canyon,tdmelectric,robotime,big,yaole,selective,mexx,moov,xlmedia,kinder,sofit,shengyuan,chuckfriends,pervenec,kursiv,belgia,leaderkids,cobra,deluxe,nobleroyale,powerman,ridata,toysmax,dymatize,mz,mozaika-sintez,gigawatt,vega,yulu,casta,desigual,expression,zuru,nitto,mujjo,tuncmatik,catimini,centrpoligraf,algotherm,wortex,metrot,malushen,twins,kingstar,ceriotti,fizan,startradingabsvecia,leco,alteco,zoops,hlebsol,rock,shiseido,greys,adata,inoi,orangedaily,raidmax,bwell,desertykrasoty,babyhit,centek,golf,saturn,regent,grafit,belashoff,lapocka,yema,nuxe,vipe,tutti,ubear,seventeenkids,rastar,giti,hilo,escada,medtextile,logona,niznekamsksina,bws,stelz,sleekmakeup,alphaline,wengemotion,megasaurs,moose,lilwoodzeez,uralsport,mr.pixel,renovator,solite,gaga,eolaboratorie,baby,poholy,kosadaka,kovroff,patrino,adelline,era,polesie,princetontec,v-t,merry,peterhof,ozkaplan,atelier,umka,kiepe,istarikomiks,kubanfarfor,novatex,mirra,iddis,vladi,cayee,bueno,larsen,drgans,malys,noryalli,deoproce,citycolor,make-upatelier,cobat,vionne,beisier,verbatim,santeri,petek,freedom,lunkerhunt,stavia,candide,biolage,avs,xjewellery,payot,arcancilparis,braumauto,jbl,rondell,jet,mezizdat,eos,cars,bertoni,moser,aquafruit,logitech,gamma,theshinestonetrade,korda,yvesrocher,helpfer,lirene,spalding,doliva,sincotoys,simax,meliconi,homeart,skil,hoco,aton,arrivo,berghoff,gssolid,diamond,rapid,jarko,trunki,yokohama,tactic,sinbo,lancome,guangwei,tyr,concept,packing,gigazone,julbo,naturalist,rockstargames,cerruti,bioderma,optiplus,bombcat,marcotozzipremio,tuka,ogiz,mebelgrad,dilis,azbuka-attikus,bessey,ivaru,forlux,roadstone,devar,crystallux,funnyfood,eskar,greenpan,mercusys,nurpress,tous,dla,zegan,dvizenie,takeit,juteks,alexrojo,mentor,nicecooker,canwood,spinmop,shhongri,samy,ravenol,tp-link,weider,mustela,colombo,martinex,gornica,dmichael,lcf,grandstil,terleckikomiks,avaloncarpet,matador,hipp,tinytoes,stolicatekstila,apcbyschneiderelectric,cressi,hummer,coty,zangavar,lingua,hanlu,elite,hohner,lalique,playmobil,koopman,ww,altenzo,focushomeinteractive,jellyfishjam,rossiaavtorobot,maxchristmas,stationeryteam,tourist,akara,attikus,naughtydog,emiliopucci,favourite,maxtrek,lolsurprise,three-a,gerat,dickie,visage,skindoctors,poopeez,willmax,foligain,greenland,floralis,mapei,lol,myprotein,individuumpablising,satagood,wetnwild,vitross,steppuzzle,drfrei,maxxis,origins,vt,voltman,rieker,tokuryo,katun,kupajsaiigraj,loreal,vgp,trussardi,ecolight,playmates,tatami,dsp,laneige,edon,emsa,trefl,alaia,toro,baboo,manhattan,kingtul,noppies,rotor,faro,tools,misstais,farmavita,redragon,jeunepremier,turtles,aten,welcos,teens,deepcool,sordiant,mirax,revuele,rowenta,meanlove,aquapick,trendbeauty,bykilian,skovo,ambition,ragolle,levrana,bardahl,taxi,changerobot,borasco,natur,afnan,kari,riken,klymit,egger,powerrangers,avatar,moulinvilla,koelf,kuttenkeuler,siren,exogini,simbat,coopervision,solognac,naturehike,dalianhantaitradecoltd,energizer,siton,llocker,crockid,gembird,wallberry,minony,zalman,pnb,tsubaki,fitchbaby,hotwheels,fischer,amtel,keune,krasnaapresna,ecologystone,foryou,beyond,bergamo,actiontrack,bergauf,moshi,dankotoys,lanard,ritmix,organicshop,pintinox,vplaboratory,decocode,ansmann,estel,timilostworld,catrice,kumano,lostkitties,maybellinenewyork,kapsen,neskucnyeigry,aeg,pikate,noppiesbaby,fit,rombica,rimmellondon,eurolux,veston,alerana,seletti,apollo,velo,shopkins,tigres,epnew,dirkjebabywear,screecherswild,beautyvisage,hitechnic,coloma,galacticos,nexxt,kormoran,lombok,agness,vasilisa,build-a-bear,westa,bubble,weiste,bot,ecolaboratory,tundra,dariush,gammapiu,note,floresan,delma,compliment,chieftec,granicom,vesna,fox,d-link,dominant-print,krosno,regentinox,montale,roblox,xinyu,id-cooling,winda,enlightenbrick,rodaco,risoli,yvessaintlaurent,nitecore,tmsweetpups,ruike,nika,guzzini,damper,calve,delimano,view-master,drjart,remeco,mitasu,rainbo,beru,hercules,alita,elaud,mof,sms,nutrend,defalucy,mw-light,sokany,toptools,mhp,wensheng,narodnyerecepty,nutrex,sanita,mefro,pituso,starway,wtflabz,funville,lujun,millenium,kompasgidid,zhejiang,karat,federal,chariots,monster,vulli,houseofseasons,receptybabuskiagafi,savagegear,maisto,barokko,puzzles,fisher-price,zilmer,dr.hoffman,royal,cifyurm,vitus,rebellion,comforser,aiko,papilla,lumene,caprice,carmani,qazaqkhan,sega,lenizdat,acuvue,stilzizni,harper,kicx,rodi,ripol,nestogen,aplus,bombora,irbis,mekkan,scan,vichy,eksmo,labirint,gran-stone,zfts,jockey,lion,prof-press,innisfree,junglefieldtroop,marley,gkhair,jb,kingtony,lubereckiekovry,durun,beliss,fabrikakomiksov,dbpower,jigott,art-visage,eichorn,lacoste,janesper,opple,to-plan,neva-taft,genius,hyperx,woodcraft,willmark,giorgioarmani,vitaluce,dispho,guliver,saipo,nomad,brizoll,kron,dreja,liquimoly,rubiks,erbis,joby,gracecole,maxler,remax,steelseries,pinti,telefunken,confetti,galaxy,heidelbergcement,alterna,superwings,homage,miumiu,constantdelight,mtx,bethesda,vov,vans,ugreen,prosperplast,divoom,salvatoreferragamo,nikakids,marta,esse,spiegelau,apex,cougar,ballarini,leonbergo,enough,nutricia,azzaro,sven,alinex,startrading,matex,sx,acorp,zeetex,vorson,pirs,bigben,bigdream,harte,kerastase,kelli,dermacol,bogates,decora,lenta,kronospan,elamina,uragan,muscletech,krasnaaglina,botas,respect,totaku,tmnt,wellberg,milan,belyjedinorog,wuben,ventura,dyflon,falken,magictrack,carmex,easycamp,biovea,crona,tesler,serebroff,tempish,bakugan,bandai,ekonomia,zanry,codemasters,smashbox,baseus,ortega,yato,keenetic,mecta,komilfo,matrix,inhouse,carfashion,citilux,frozen,freeway,dodo,jomalone,timi,dreamwave,jiuling,yotrix,smiger,biography,arpenaz,puma,prologic,rivacase,salmo,kuchendorf,kinklight,zx,robocarpoli,sheyk,noopies,karya,metalions,gedore,besty,britneyspears,meizer,steelpower,bohemian,nivea,rapoo,aolais,klorane,dwt,chuggington,granchio,korpus,ecotex,keramin,kipocket,wonderlab,zarkoperfume,livdelano,rezult,bioworld,sibirskietovary,trebl,upright,tima,energenie,christina,albertocasiano,blaumann,bruder,alpinapabliser,hera,moxom,youngtoys,rdx,hairdorables,transcend,apacer,gislaved,vilenta,deerma,asil,intex,ermila,barer,gaspari,interbaget,belaakalitva,qixels,beyonce,stellar,provoc,starfestival,brain,lancaster,prc,morakniv,kronostar,w-star,x-game,wenge,meccano,orly,autopower,cordiant,tamaris,mikasa,hammer,joyroad,uvelirnyetradicii,pequetren,wurth,ecocraft,logosfera,harpercollins,mstar,defender,tega,butterfly,villi-vinki,zvezda,flight,ea,viviennesabo,polarring,gripmax,hycell,plantex,mutant,imax,nerf,slavanskieoboi,landsail,travellight,stahlberg,monro,palmers,grizzly,nillkin,oasis,absolutechampion,cnd,haken,cow,tekstilnaalavka,hyper,hap-p-kid,lego,oralcare,labiotte,gentrycup,clarion,ideal,useandcare,lorealparis,dub,sherlock,milight,perina,sly,kumho,iope,caramelia,lem,os,terris,simba,bro,fassen,gerber,arsi,poopsie,delux,johnvarvatos,shangpree,evelinecosmetics,dox,klx,belkin,ford,stavr,nioxin,clanfrancoferre,bq,glanzen,cosrx,machineboy,gs,axper,brkpress,tsv,izdatelstvoivanalimbaha,johnnytheskull,fisherprice,ilash,wilson,chilok,damixa,geoffanderson,bloomsbury,aruna,sailun,ryor,orjade,qazprotein,dendy,amercook,miolla,legrand,vinzer,x-digital,musclepharm,berkley,corps,brisk,sunlike,mammie,hayejin,vako,organiczone,lepota,gaissina,alumet,azbuka,sulu,victorinox,lbl,vita,soskin,lorelli,juventa,essence,likebook,minecraft,masterfish,jio,funred,missha,balterio,monis,imtoy,d-clinic,sensis,peak,polkaudio,duir,conceptclub,yoobao,unit,comfort,bio-oil,gourmet,blueseven,helios,biol,biotherm,zapfcreation,billi,railking,clinch,camelion,kapousprofessional,planetaorganica,usams,globex,vellarti,hankook,huawang,hikma,spaquatoria,daesung,arcodoro,evriki,baldessarini,s-oil,armytek,nuovabattipav,scivation,polese,lom,comfortzone,graf,maxcity,visnevyjpapa,lamart,princessa,malvacosmetics,microids,clever,inseense,graffiti,mastrad,bburago,remington,relouis,welss,vokter,fit-rx,sigma,montblanc,powertrac,mad,fanzon,tytan,bravo,kainar,tisa,boarteks,loctek,kabrita,beurer,puridea,complimenti,bisou,londa,amigami,mazzini,cantra,mei-cha,garage,mannivanoviferber,norplast,infinitynado,redmond,finezza,illumico,powerplant,ooba,ballist-x,mobil,lezard,avanta,standart,first,elegant,bulgari,qnt,serebro,sima-land,skazocnyjpatrul,tenda,fitokosmetik,altinbasak,eco,a-derma,onlitop,sumdex,revlon,ballu,naturasiberica,polimerbyt,kladez,rpikduir,penn,davidoff,salvinelli,flushforce,everflo,blumarine,stels,dragon-i,bunchems,rise,stupidcasual,merejbaspasy,trianglegroup,provence,sandisk,habilead,yunteng,enermax,deviser,smtt,babolat,drhedison,ecolab,febest,ooops,luris,cacharel,geroivmaskah,molten,neobio,carpet,fortnite,kramer,vtech,clevercompany,welly,timson,teosa,shakira,kativa,wellneo,sonata,silapro,motorcraft,disney,seagate,joerex,intro,magellan,shinko,odri,teploteh,basf,blaster,stayer,ramili,blw,kite,uniforce,palars,luxuryconcept,ceinio,kaplanser,sylvanianfamilies,lashologist,genesis,winner,demi,monix,crane,raytheonphantom,triumph,sonyinteractiveentertainment,zic,nella,colgate,zimakrasavica,goform,motul,sweetyhome,prajm-evroznak,optimus,lador,navigator,holatoys,bxg,iunik,verloni,target,kapous,belis,vitek,oral-b,topicrem,sonifer,zadoor,autoprofi,crown,wowwee,bfz,mirex,elenberg,boyscout,keenway,dam,gemei,lefard,kajsa,babor,adidas,kokiri,maxwell,ardell,zengen,olimp,bsn,stalemal,royalblack,capline,rolife,scinic,mitre,modern,rcr,sebamed,p.i.t.,globaltoys,tonar,livebook,nutrilak,glamglow,helfer,kronopol,maytoni,nan,nuk,netgear,cadillac,tierra,vece,lord,thqnordic,victoriassecret,shantougepai,hobbyworld,holder,kx,humana,firepower,coghlans,thorvik,activision,amarobaby,sanjia,weifeng,ovation,jjrc,hiper,pqi,barbie,drsea,westmark,normann,kumanodeve,brateck,similac,bradex,huntsman,bohmann,roadx,augustinwelz,pawpatrol,sibin,cettua,xtrembots,nmp,ergolux,sasta,luazonlighting,pixiebelles,unison,olmio,sluban,vitesse,kala,ship,gezatone,viewmaster,malamalama,atmosphera,ollin,aquatic,total,elari,bionime,cullmann,eliesaab,evamosaic,dekok,poligrafkombinat,puckator,san,titan,graff,stanley,pasabahce,repetto,seintex,kontinent,a-mega,exclusive,nutrilon,kudu,elizavecca,walfix,sirius,lifetrons,novline,berlingerhaus,maximumpowernutrition,maxfactor,signature,tarkett,monsterjam,cobi,pupa,brita,patriot,grandvictory,admarginem,ampm,weber-vetonit,pediasure,iwalk,mediheal,action,taschen,aileron,crome,goodride,hasbro,klavuu,tuarex,wk,lucalighting,lina,batik,renberg,babyono,avatyre,kafekrasoty,devos,masaimedved,graphite,fidan,fendi,mcfr,doui,lamel,waterworld,komfederacia,corpus,bergner,aerocool,proffcarbon,tdm,blackmores,yegam,melidadi,lazso,exide,trichup,flexter,alvitek,bondibon,delmax,mattel,handwers,goodloot,vihr,domenik,sksportivnaakollekcia,nyce,mahaon,segotep,soundstream,cablexpert,rare,olimpic,expromt,enkor,neoclassic,lindsay,fantom-press,joko,atlas,sacvoyage,silampos,dobraakniga,inostranka,delune,redline,nocnezna,allocacoc,zmi,stor,battat,f-promo,likatoprofessional,autovirazh,polo,likato,dobroparov,cellio,isntree,avizor,eurotrading,xigmatek,lanvin,sallyhansen,interojo,piatnik,laroche-posay,wanday,lovecoil,merzuka,embryolisse,monchhichi,dfz,fivestars,boucheron,guerisson,svc,mamut,neposeda,triangle,urgaz,parallelkomiks,kenzo,temp,pyrex,bigklever,kerasys,edelman,heinz,courvoisier,cailyn,rimmel,bene,mgaintertainment,smartway,ipower,elektrostandard,omron,fotorama,regatta,greentek,asb,artvisage,wotrex,devente,mammut,wader,maruemsta,blackdecker,scoole,bra,maysternya,go-sport,iqmarketing,roadmarch,nikai,petitfee,alphard,airline,prestiz,organickitchen,smile,lakme,sanitaluxe,orico,leicos,minerva,desatoekorolevstvo,maestro,rline,carpisa,gimi,miif,jinjianfeng,riche,littlestpetshop,kompasgid,deppa,syma,bmw,biolane,xiaoyueliangtoys,gauss,redken,barum,cd,ateliero,insight,mitte,palplay,toyo,t-rex,amet,studio,versal,ronthompson,ristanskaakeramika,anesi,kroft,homy,saferich,cempioneria,individuum,kamskaaposuda,framesi,kskids,abk,now,dopdrops,kleancolor,bovidix,lipsmacker,kroskaa,luminarc,rozenbal,perilla,poppops,continent,geneticlabnutrition,asel,emal,marshal,duo,navitel,tontarelli,marusa,tamish,philippus,luxvisage,pisen,suneight,attribute,huochu,ivt,vitelia,eveline,nascitaprofessional,popurri,vilia,goliath,mirage,gonher,wilmax,mamako,teyko,avengers,aerolajf,tv-shop,machete,joyroom,leicosleiya,slovo,ningbo,ubisoft,milk,vialata,sava,poli,tognana,sis,mengbadi,planet,syntrax,osgona,worldpeacekeepers,dearest,viatti,cafemimi,eltex,okuma,arkadia,babyliss,globalkeratin,inkax,nannic,purederm,iconbit,meinl,shell,tunga,havit,holikaholika,robens,anskin,addlink,auratic,lysvenskieemali,blenderbottle,malva,josephjoseph,oumile,dinamical,nexen,armada,panouge,garant,calligrata,norfin,artspace,bauer,skwooshi,crest,dirkje,witerra,qvs,ducray,waspo,vakosa,zenmart,wella,torneo,polaris,topex,netis,cocochoco,owner,jeneca,electronicarts,greenway,arua,veho,bonita,elco,tigar,acv,bagdanoviceskijfarforyvyjzavod,eneos,kipsta,compasal,poppuri,acvilagrup,lorelli-bertoni,rextor,gk,chloe,babylisspro,caseconforte,toscom,bars,rempire,reergmbh,americancrew,moschino,vcom,polistil,zeta,aleteja,mica,markjacobs,bozhi,bourjois,popcornbooks,marvel,klever,almaty,secretgourmet,wuw,tracker,castrol,invisible,startul,eurol,avtotent,transformers,dunlop,cadelvetro,alcon,casato,filly,vari,ecolaboratorie,masters"
sock,High-end brand,"seed,cybex,mima,egg"
skates,High-end brand,"minimotors,kingsong,ninebot,e-twow,sbw,joyor,doohan"
apparel,Budget brand,"puma,respect,xti,legre,biomecanics,indiana,tyr,catimini,aladen,rieker,adidas,baratto,spur,inflame,lealelo,visavis,petek,noopies,pablosky,blueseven,baden,mangokids,kayser,ag,asics,sabyrzhanayrin,gaissina,shagovita,walkmaxx,marcotozzi,fabretti,solostyle,obsessive,agatharuizdelaprada,alaskaoriginale,tonybellucci,caprice,lauravalarosa,goodloot,estomoda,aivengo,ciaobimbi,bond,face,glam-forever,converse,myprotein,kapika,dion,rooman,marcomen,saniano,vilatte,fischer,conte,annaanna,rdx,miescarpe,derspur,tamaris,nanga,escan,crockid,destra,babybotte,garvalin,keddo,strobbs,noppies,catunltd,minimen,saucony,eltempo,rheinberger,sterntaler,carters,crosby,five,vans,skechers,bartek,onhillsport,didistyle,fassen,dirkje,shoesrepublic,peak,suave,sly,betsy,velo,nexpero,gioseppo,mltl,conceptclub,jasmine,remonte,tesoro,leone,marko,milavitsa,millionaire"
cartrige,High-end brand,canon
photo,Affordable brand,"fujifilm,panasonic"
coffee_machine,Mid-range brand,"delonghi,melitta,hotpoint-ariston"
moccasins,Budget brand,"caprice,spur,destra,bartek,tesoro,minimen,respect,rooman,garvalin,pablosky"
jacket,Budget brand,sly
hob,Affordable brand,"hansa,maunfeld,gorenje,kitfort,homeelement,akpo,thor,beko,midea,flama,gefest,indesit,simfer,cata,electronicsdeluxe,mbs,carino,darina,bosch,dauscher,greta"
printer,High-end brand,canon
mixer,High-end brand,"kitchenaid,smeg,bork"
fan,Affordable brand,"ava,tefal,cata"
refrigerators,Affordable brand,"ava,leadbros,panasonic,ikea,gorenje,midea,arg,artel,kitfort,almacom,dauscher,konov,beko,optima,atlantic,indesit,maunfeld,cata,xing,hansa,kristal,shivaki,atlant,stinol,bosch,simfer,birusa"
bench,Affordable brand,interlink
trousers,Affordable brand,"nike,jordan,omero,daneildesch"
microphone,High-end brand,"proel,neumann,asus,leem"
cooler,Mid-range brand,intel
bath,Budget brand,"whitewave,rosa,antika"
country_yard,Mid-range brand,"stihl,greenworks,makita,al-ko"
hammok,Budget brand,"palisad,prc,maclay"
tablet,High-end brand,"lenovo,acer,apple"
shorts,Budget brand,"crockid,noppies,carters,mangokids"
player,Mid-range brand,"farcar,redpower,kaier,winca,sony"
cultivator,High-end brand,"masteryard,daewoo,viking"
tshirt,Budget brand,"carters,goodloot,crockid,noppies,myprotein,adidas,puma"
hammok,Affordable brand,ventara
umbrella,Affordable brand,xiaomi
ebooks,Affordable brand,"pocketbook,amazon"
keds,Mid-range brand,"persona,fly"
acoustic,Affordable brand,"rockdale,alvarez,bosch,tascam,aria,martinez,stagg,adagio,presonus,heco,admira,enya,pioneer,energysistem,edifier,caraya,gewa,work,cort,parkwood,apart,m-audio,amistar,ibanez,squier,panasonic,crusader,fostex,behringer,alesis,pro-karaoke"
washer,Affordable brand,"dauscher,atlant,hansa,midea,artel,shivaki,bosch,arg,ikea,optima,gorenje,evgo,beko,indesit,atlantic,rebus,aletant,comfee,bosher"
alarm,Affordable brand,"tec,pandect,tomahawk,starline"
drill,High-end brand,"schneider,hitachi,lux-tools,festool"
bedroom,Budget brand,"tradiciatekstila,monro,avrorateksdizajn,mojmalys,lorelli,miromaks,stolicatekstila,ecotex,stilvasejspalni,alvitek,arua,magkijson,everflo,sonnaaskazka,pituso,candide,lorelli-bertoni,madamecoco,sonoterra,adel,vasilisa,kupu-kupu,smarttextile,kroskindom,intex,edelvejs,ekonomia,astrid,belashoff,tamish,edem,mebelcon,caramelia,dormeo,globex,bio-tekstil,verossa,spalenka,mariaiskusnica,osminozka,legkiesny,almaks,selena,ol-tex,mirodel,vesta,tesma"
sofa,High-end brand,"embawood,divalux,mebberi,mebberykz,trevi,pinskdrev,silva,kia,nik,rals,aero,bellamebel,hotner,apriori,rivalli"
motherboard,High-end brand,"asus,msi"
moccasins,Affordable brand,"etor,salamander,greyder"
painting,Budget brand,"stels,dwt,alteco,wortex,kolner,matrix,crown,patriot,eco,paint"
faucet,Budget brand,"drgans,akor,damixa,cobra,bamboo,gerdamix,calorie,esko,rubineta,gran-stone,parus,voda,daniel,rossinka,neptun,iddis,drop,decoroom,ampm,remer,kaledomino,slezakrav,yota"
toster,Affordable brand,"moulinex,tefal,kitfort,braun,gorenje,bosch,philips,kenwood"
memory,Mid-range brand,"hp,samsung"
cabinet,Budget brand,"vako,alterna,juventa,smile"
wallet,Budget brand,"muqajankz,karya,picard,petek,titan,carpisa"
underwear,Budget brand,"kayser,obsessive,visavis,jasmine,noppies,milavitsa"
trainer,High-end brand,"steelflex,oxygen,casada,sportop,fitlux,tianzhanfitness,nordictrack,fitnex,kettler,shua,merach,gf,renegade,americanmotionfitness"
trainer,Budget brand,"inswim,onlitop"
living_room,High-end brand,"bugaboo,lubimyjdom,molodecnomebel,pinskdrev,uta,cybex,apriori,mebberykz,embawood,trevi,nik,permanence,stolplit,rals,hotner,mebberi,rivalli,silva,mima,aero,kia,bellamebel,divalux"
generator,Mid-range brand,"mateus,fubag,makita,zongshen,etaltech,sinusprofi,kronwerk,yuandong,bissell"
photo,High-end brand,"nikon,canon,tamron"
subwoofer,Budget brand,"crunch,acv,jbl,fsd,mystery,audiotop,infinity,dlaudio,machete,nakamichi,alphard,sonda,avatar,jvc,phantom,clarion,swat,soundstream,kicx,graffitisound,vibe"
smartphone,High-end brand,"apple,google,oneplus,lenovo,asus"
player,Budget brand,"nakamichi,jvc,acv,mystery,swat,clarion,intro,telefunken"
projector,Affordable brand,"byintek,dune,panasonic,epson,xiaomi"
meat_grinder,High-end brand,"neo,bork"
electronics,Mid-range brand,"polar,yamaha,tanglewood,peavey,balmain,vivo,audison,suunto,haier,xp-pen,headrush,magaudio,lg,gopro,soundking,candy,arturia,torgue,roamer,cinemood,blackberry,bose,michaelkors,hp,traser,leeco,epiphone,shure,toshiba,alpina,sony,olympus,oppo,blaupunkt,norman,fly,samsung,umi,zinvo,orimag,vestel,microsoft,versus"
piano,Mid-range brand,"yamaha,arturia"
medicine,Budget brand,"csmedica,gamma,omron"
cpu,Affordable brand,amd
apparel,Mid-range brand,"inglesina,dcshoes,dragonfly,fly,burton,bumbleride,quiksilver,head,persona,quinny,larktale,alpina,ski-doo"
music_tools,High-end brand,"kurzweil,roland,medeli,korg"
grill,Mid-range brand,"obi,delonghi,hotpoint-ariston,char-broil"
tennis,Affordable brand,stiga
vacuum,Budget brand,"nord,unit,scarlett,polaris,dwt,saturn,elenberg,zelmer,kolner,willmark,redmond,autovirazh,stanley,centek,sinbo,vihr,galaxy,airline,snowcap,kelli,vitek"
bathroom,Mid-range brand,"universal,roca,am.pm,grohe,belux,laufen,triton"
washer,Mid-range brand,"electrolux,samsung,schaublorenz,zanussi,korting,lg,hotpoint-ariston,vestel,candy,haier"
shirt,Mid-range brand,ski-doo
videoregister,High-end brand,garmin
video,Affordable brand,"epson,kivi,tcl,aoc,dauscher,ergo,dune,ava,philips,xiaomi,panasonic,shivaki,yasin,artel,byintek,horizont,sjcam,ricoh,zoom,changhong,arg,rebus,dexp"
painting,Mid-range brand,"metabo,fubag,wagner,hp"
saw,Budget brand,"rotorazer,total,stavr,graphite,kolner,patriot,oasis,stanley,fit,mekkan,eurolux,edon,p.i.t.,tundra,crown,alteco,dwt,vihr,ivt,wortex,enkor"
table,Affordable brand,"ersport,stiga,vista,mamadoma,ikea,skandika,mebelson,satura,domini,fengnix,mebels,halmar,inspiwood,bts,signal,davita,stendmebel,mebelswow-rn,genau,brw,listvig,popov,v-unic,gerbor"
ebooks,Budget brand,ritmix
bag,Affordable brand,"xiaomi,arstisa,roncato,gross,plano,meizu,dewalt,zubr,bosch,korin,delsey,shimano,bestway,travelite,ryobi,nike,scierra,samsonite"
skirt,High-end brand,weekend
kids,Budget brand,"rubiks,ourgeneration,next,fancy,melissadoug,basik,schreuders,coolmaster,vladitoys,yoga,penny,graffiti,smartway,zazu,yoyofactory,yoshioki,skytech,xieming,vesna,rw,zegan,nella,bayer,metoo,frozen,marvel,i-baby,la-di-da,jimcarrey,feile,sekiguchi,kingmeda,babytime,dickie,hap-p-kid,mefferts,oley,os,pituso,softoy,crybabies,maxcolor,wltoys,zapfcreation,aimile,rastar,imctoys,niio,glimmies,bambola,gulliver,onlitop,sulongtojs,tinytoes,wangfeng,scooter,jinma,bertoni,playlab,altacto,budibasa,abtoys,tedmyfriend,defalucy,elbasco,playgro,funville,steppuzzle,playmates,maidou,stuntcar,syma,buttonblue,fornite,sigikid,suncolor,twistclimbingcar,micmax,disney,lorelli,shopkins,mz,molfix,melidadi,prestigio,hairdorables,cubicfun,hasbro,doubleeagle,kinlee,xkg,lori,manuoki,llorens,munchkin,magic,keenway,rexco,jazwares,sweety,sgary,goo.n,tmnt,maxi,polese,mello,lovular,henglei,mastela,bestoy,lorelli-bertoni,huile,nici,ladida,jiada,timbergroup,karapuz,polaris,jjrc,bayerdolls,huanger,woddon,plitex,hotwheels,zuru,pampers,monchhichi,starwars,mattel,shenma,moony,roxykids,baboo,batman,educo,pawpatrol,hunter,bburago,lalaloopsy,trefl,merries,welly,babyhit,metoyou,wster,robocarpoli,joonies,simba,whito,tomik,origami,wincars,toocool,derevaski,mioshi,fitchbaby,yh,ruixinlang,teknum,zajkami,nizegorodskaaigruska,momi,puzzles,hubeiindustrialaimiletrading,huggies,educa,kuqidai,kroskaa,steffilove,sunbody,coballe,kskids,lapkin,weichao,insinse,sariel,dickietoys,sabi,dodo,sachiko,zinc,ouaps,fisher-price,furreal,auldey,magicbeartoys,grow-with-me,babyswing,playskool,silverlit,bouncin,kiddieart,mstar,castorland,azbukvarik,babygo,enchantimals,weina,barbie,scruff-a-luvs,orange,fisherprice,vdovichev,glory,yokito,weitai,hb,vulli,wiseson,maisto,wowwee,vtech,kakadu,potatohead,skazocnyjpatrul,intex,ty,globber,alilo,wenyi,goon,creature,midou,tigres,traxxas,viga,miraculous,sozzy,genki,yoya,battat,x-game,callida,lol,b-kids,ortopazl,restar"
cabinet,Mid-range brand,"lifedeco,obi,komfort-s,roca,botticelli,mebelservice,mibb,sv,mojdodyr,imperial,anreks"
toilet,Mid-range brand,"roca,grohe,am.pm,laufen"
blender,Mid-range brand,"hotpoint-ariston,electrolux"
peripherals,Affordable brand,"xerox,ricoh,huntkey,qmax,xiaomi,epson,philips,gigabyte,kingston,hori,gamdias,thermaltake,iiyama,benq,gamemax,reshin,huawei,aoc"
ski,Budget brand,"anon,line,fischer,julbo,maak"
furniture,Mid-range brand,"ashleyfurniture,cam,grohe,asm,mibb,value,komfort-s,obi,bazhou,romack,mebbery.kz,botticelli,htw,inglesina,universal,belux,roca,lifedeco,simpleparenting,mebelservice,orto-bed,emer,adamex,mojdodyr,laufen,stokke,am.pm,sv,luciasvetlaa,centrpravilnogosna,startline,lider,imperial,mebelev,rajton,recaro,fly,triton,mebelazii,anreks"
massager,Budget brand,"scarlett,vitek,gezatone,beurer,hada,medisana,matrix,haday,wellneo,maxwell,junte,omron,carhome,polaris,masstone,irest,smile,bodykraft,shima,kangkang,aeg,bradex"
trousers,Mid-range brand,persona
air_heater,Budget brand,"sinbo,irit,engy,ecoterm,smile,ballu,luazon,timberk,wester,etalon,demark,stn,ditreex,domasnijocag,elenberg,termia,sakura,delsot,teplokryma,greentek,alteco,barhatnyjsezon,willmark,ewt,kraton,galaxy,vitek,rovus,yika,oasis,stern,lumme,saturn,zass,normann,scoole,p.i.t.,luxell,swissline,profteplo,elvin,redmond,polaris"
oven,Affordable brand,"akpo,shivaki,cata,delta,maunfeld,midea,oursson,optima,bosch,dauscher,indesit,bosher,arg,gorenje,simfer,gefest,mbs,hansa,rebus,ferre,beko,darina,artel,electronicsdeluxe"
hood,High-end brand,"teka,smeg,kuppersberg,nodor,ardesia,kuppersbusch,whirlpool,bompani,kaiser"
mouse,Mid-range brand,"hp,microsoft,e-blue"
ironing_board,Affordable brand,"philips,braun,bts,tefal,ikea,bosch"
anti_freeze,Budget brand,"ravenol,wurth"
construction,Budget brand,"pit,kalibr,mustang,stayer,dwt,kaledomino,crown,maxwell,hammer,oase,kosmos,eco,yota,wortex,polaris,neptun,alteco,puckator,patriot,paint,bossh,parus,rombica,ultraflash,cobra,deluxe,damixa,bovidix,rubineta,gerdamix,stavr,maman,iddis,rotorazer,eurolight,stanley,galaxy,slezakrav,scarlett,calorie,vihr,nexttool,remer,rowenta,wester,energolux,eurolux,texa,greenpro,escada,akor,graphite,nowodvorski,sti,clatronic,military,mekkan,bamboo,solaris,drgans,daniel,radiant,fit,decoroom,esko,tundra,drop,total,kolner,p.i.t.,ivt,edon,ansmann,iek,stels,voda,elenberg,intex,gran-stone,bene,lezard,stermay,lidonet,vitek,blackdecker,saturn,matrix,ampm,rossinka,temp,enkor,modern,oasis"
iron,Affordable brand,"panasonic,braun,gorenje,kitfort,artel,tefal,bosch,polti,dexp,philips,binatone"
kids,Mid-range brand,"maclaren,verdi,bumbleride,lonex,recaro,fitrider,circle,quinny,candy,larktale,hotmom,aurora,inglesina,mccan,hp,slaro,freefeet,olsa,riko,easywalker,segway,thule,tomoloo,motivyotdyha,obi,moon,stokke,smoby,maomaoku,cam,tutis,joieanglia,moongmbh,kugoo,adamex,pegperego"
country_yard,High-end brand,"viking,daewoo,lux-tools,husqvarna,masteryard,yardforce"
living_room,Affordable brand,"kmk,mebelson,chicco,cersanit,graco,besafe,aqualife,joie,brw,heyner,smk,bts,belecoo,chairman,vmv,misty,alavann,ikea,akvarel,peg-perego,maxi-cosi,askona,opadiris,stendmebel,kiddy,ferrari,efp,fant-mebel,quatro,akvaton,satura,vasden,brevi"
dress,High-end brand,weekend
computers,Affordable brand,"afox,hori,sinotex,halmar,g.skill,iriver,chairman,almacom,gigabyte,xerox,huawei,dxracer,amazon,foxconn,aoc,powercolor,seasonic,gamdias,iiyama,gskill,asrock,mebelson,westerndigital,amd,benq,wibtek,hec,ikea,corsair,kmk,nzxt,zeppelin,gamemax,ilife,midea,thermaltake,roeyuta,r-senda,colorful,sapphire,micron,qmax,xiaomi,kingston,huntkey,zotac,reshin,epson,ballistix,pocketbook,wd,ricoh,greentree,edifier,philips,fractaldesign"
belt,Budget brand,"bond,tonybellucci,petek"
mixer,Affordable brand,"moulinex,philips,kitfort,bosch,panasonic,braun,ariete,gorenje,dauscher,arg"
desktop,Affordable brand,"edifier,greentree,iriver,wibtek,thermaltake,gamemax,ikea,asrock,halmar,gigabyte,kmk,gamdias,mebelson,dxracer,chairman"
